age,gender,height,weight,bmi,activity_level,goal,exercise_frequency,target_calories
19,male,175.7,66.3,21.48,sedentary,lose,0,1548
31,male,174.9,77.9,25.47,moderate,gain,5,3242
32,female,157.6,65.8,26.49,active,gain,4,2760
31,male,169.1,87.4,30.56,sedentary,lose,1,1714
20,female,161.9,49.5,18.88,very_active,lose,7,2149
54,female,172.5,64.5,21.68,moderate,gain,3,2470
24,male,169.6,85.8,29.83,active,lose,5,2842
56,male,182.1,65.4,19.72,sedentary,maintain,1,1823
61,male,169.8,95.9,33.26,sedentary,build_muscle,1,2339
31,female,164.5,56.8,20.99,active,maintain,5,2354
33,male,175.7,59.8,19.37,moderate,maintain,5,2536
50,male,179.3,54.2,16.86,active,lose,4,2138
56,female,169.3,67.2,23.45,very_active,maintain,7,2698
61,male,175.1,92.2,30.07,moderate,lose,4,2312
28,female,146.4,70.8,33.03,active,lose,6,2044
58,male,166.5,70.4,25.39,moderate,lose,3,1965
56,male,175.3,78.3,25.48,active,build_muscle,5,3193
23,male,181.9,73.3,22.15,very_active,maintain,5,3455
60,male,166.0,78.5,28.49,light,build_muscle,2,2499
63,male,171.9,60.0,20.3,moderate,maintain,5,2396
25,female,163.0,67.0,25.22,sedentary,maintain,0,1738
32,male,176.6,79.0,25.33,light,maintain,2,2464
31,female,152.1,58.7,25.37,active,maintain,4,2261
24,male,161.8,87.3,33.35,light,maintain,3,2559
61,male,169.4,60.6,21.12,sedentary,gain,0,1988
26,female,167.5,55.2,19.67,sedentary,build_muscle,1,1868
21,male,170.2,62.8,21.68,sedentary,lose,0,1480
43,male,184.0,82.4,24.34,sedentary,lose,1,1690
45,female,159.3,46.2,18.21,moderate,gain,4,2168
55,male,181.5,75.6,22.95,light,lose,2,1836
21,male,179.2,74.7,23.26,sedentary,maintain,0,2052
55,male,186.8,61.0,17.48,light,maintain,3,2151
34,female,166.1,79.7,28.89,sedentary,lose,1,1312
18,male,180.9,42.0,12.83,very_active,lose,5,2542
26,female,176.2,53.8,17.33,active,lose,4,1975
57,female,166.3,82.9,29.98,light,gain,3,2404
60,female,174.4,76.7,25.22,light,build_muscle,3,2248
63,male,173.9,65.1,21.53,active,maintain,5,2683
23,male,166.0,57.7,20.94,sedentary,lose,0,1338
53,female,158.9,59.1,23.41,sedentary,build_muscle,0,1597
41,male,172.1,72.4,24.44,sedentary,lose,0,1489
60,male,172.7,94.1,31.55,active,maintain,6,3223
33,male,190.4,49.3,13.6,active,build_muscle,4,3051
60,female,177.4,76.2,24.21,light,gain,1,2275
20,female,166.1,56.9,20.62,active,maintain,5,2527
19,male,161.4,69.0,26.49,light,lose,2,1802
59,female,152.5,62.0,26.66,active,lose,4,1687
55,male,190.1,85.9,23.77,sedentary,maintain,1,2161
56,female,166.5,62.5,22.55,active,lose,4,1802
41,male,175.6,47.2,15.31,active,maintain,6,2608
64,male,183.7,66.9,19.82,moderate,lose,5,2048
60,female,166.5,78.4,28.28,active,maintain,5,2508
53,female,166.0,54.9,19.92,sedentary,gain,1,1741
50,male,177.9,48.4,15.29,moderate,lose,3,1761
50,female,158.0,49.9,19.99,sedentary,build_muscle,0,1529
27,male,171.0,85.6,29.27,light,build_muscle,1,2757
44,female,169.9,53.6,18.57,moderate,lose,4,1578
66,male,187.7,93.3,26.48,moderate,lose,5,2430
21,female,148.4,54.3,24.66,sedentary,lose,1,1200
66,female,144.9,74.8,35.63,moderate,maintain,5,1947
28,female,162.7,50.5,19.08,light,lose,3,1323
58,female,175.0,63.8,20.83,moderate,lose,4,1713
52,female,166.5,66.1,23.84,light,lose,1,1379
44,female,165.8,82.2,29.9,light,gain,3,2511
66,male,167.9,69.2,24.55,active,lose,5,2221
52,female,149.2,62.8,28.21,moderate,lose,3,1377
45,female,156.1,64.0,26.26,moderate,gain,5,2451
57,male,183.7,48.3,14.31,moderate,gain,3,2533
26,female,166.0,57.8,20.98,light,lose,2,1414
35,female,173.5,63.3,21.03,light,lose,1,1418
40,male,176.5,80.8,25.94,very_active,lose,5,3008
57,male,174.3,79.9,26.3,moderate,maintain,3,2613
62,female,162.7,73.5,27.77,moderate,build_muscle,5,2459
24,female,171.5,42.0,14.28,moderate,build_muscle,4,2229
63,female,166.0,77.0,27.94,active,lose,6,2066
68,male,160.6,98.6,38.23,light,maintain,2,2339
50,male,175.2,74.3,24.21,light,maintain,2,2309
63,female,160.6,66.9,25.94,light,gain,3,2118
47,female,152.6,70.0,30.06,light,build_muscle,1,2007
54,female,170.5,54.7,18.82,sedentary,build_muscle,0,1646
31,female,159.7,69.7,27.33,light,maintain,2,1927
23,male,172.7,76.7,25.72,moderate,lose,4,2417
46,female,163.8,58.3,21.73,sedentary,gain,1,1827
45,female,157.2,76.9,31.12,light,maintain,2,1947
32,female,166.3,67.9,24.55,sedentary,maintain,0,1697
64,female,173.7,47.3,15.68,moderate,build_muscle,3,1994
32,female,159.2,70.2,27.7,moderate,lose,3,1832
58,male,174.4,86.2,28.34,active,maintain,5,3021
46,female,153.2,87.0,37.07,light,build_muscle,1,2276
54,male,168.7,73.0,25.65,sedentary,maintain,1,1850
33,male,186.0,91.0,26.3,moderate,gain,3,3425
37,female,156.2,84.3,34.55,light,maintain,3,2049
66,male,177.4,84.6,26.88,moderate,lose,3,2162
46,female,161.7,58.4,22.34,sedentary,lose,1,1200
22,female,156.9,42.0,17.06,moderate,maintain,5,1934
52,male,171.0,77.2,26.4,light,lose,1,1785
68,male,171.3,96.2,32.78,moderate,lose,3,2257
35,female,164.2,50.2,18.62,sedentary,lose,1,1200
56,female,163.0,67.8,25.52,very_active,build_muscle,7,2875
54,female,162.3,80.9,30.71,light,gain,2,2349
55,male,162.5,85.4,32.34,very_active,maintain,6,3223
39,male,186.3,63.1,18.18,moderate,maintain,5,2685
47,male,181.2,81.2,24.73,sedentary,gain,0,2383
21,female,155.7,67.0,27.64,moderate,maintain,3,2270
35,male,158.5,66.9,26.63,light,gain,1,2482
63,male,178.0,85.0,26.83,moderate,lose,3,2254
25,female,160.6,57.9,22.45,active,lose,6,1987
33,female,176.1,57.1,18.41,sedentary,maintain,0,1620
35,male,178.2,50.7,15.97,light,gain,2,2427
55,female,157.8,48.8,19.6,active,maintain,5,1941
39,female,154.7,58.6,24.49,light,lose,1,1256
32,female,162.4,70.0,26.54,light,maintain,2,1958
60,female,165.7,47.6,17.34,sedentary,build_muscle,0,1464
46,male,175.8,99.1,32.07,sedentary,lose,0,1833
48,male,177.2,66.0,21.02,moderate,lose,3,2071
38,female,152.0,46.9,20.3,light,maintain,3,1521
33,male,163.8,54.5,20.31,very_active,gain,6,3295
46,male,174.2,81.5,26.86,sedentary,lose,0,1590
40,female,160.2,67.4,26.26,light,maintain,1,1849
57,female,165.5,57.7,21.07,moderate,lose,5,1494
47,female,163.0,64.5,24.28,active,build_muscle,6,2634
55,female,162.2,54.4,20.68,moderate,maintain,4,1964
42,male,178.3,71.1,22.36,light,lose,2,1877
35,female,162.7,85.0,32.11,moderate,build_muscle,5,2801
36,female,163.8,55.1,20.54,active,lose,4,1780
58,male,167.7,91.0,32.36,sedentary,gain,0,2386
64,female,173.4,80.7,26.84,light,maintain,1,2003
51,female,169.4,54.2,18.89,sedentary,build_muscle,1,1706
65,female,171.7,48.6,16.49,light,lose,1,1200
53,female,154.3,50.1,21.04,sedentary,maintain,1,1328
61,female,163.0,54.4,20.47,light,maintain,2,1598
57,male,179.7,88.5,27.41,active,lose,4,2641
62,female,160.7,73.7,28.54,sedentary,build_muscle,1,1827
52,male,175.9,85.4,27.6,moderate,gain,5,3186
55,female,162.8,56.6,21.36,light,lose,2,1200
20,female,152.0,60.2,26.06,light,lose,2,1372
61,male,164.4,96.7,35.78,moderate,lose,4,2323
23,female,166.3,54.8,19.82,moderate,lose,4,1680
26,male,177.2,67.4,21.47,active,maintain,6,3082
67,female,176.8,77.2,24.7,sedentary,build_muscle,0,1967
52,male,176.0,84.1,27.15,moderate,lose,3,2230
19,female,172.6,64.7,21.72,moderate,maintain,5,2463
48,male,168.8,79.9,28.04,moderate,maintain,3,2624
47,female,162.3,61.3,23.27,very_active,build_muscle,6,2793
49,male,174.0,62.3,20.58,active,lose,4,2252
42,female,165.3,76.5,28.0,light,maintain,1,1996
59,male,168.0,57.9,20.51,moderate,lose,4,1793
43,female,158.3,58.8,23.46,light,gain,2,2080
61,male,178.6,73.7,23.1,active,lose,4,2368
53,male,168.3,106.3,37.53,moderate,gain,4,3397
60,female,169.8,58.8,20.39,active,lose,5,1748
27,male,171.6,70.9,24.08,sedentary,build_muscle,1,2246
66,male,175.0,85.2,27.82,light,maintain,3,2296
56,male,168.5,98.1,34.55,light,lose,3,2045
39,female,160.4,68.6,26.66,sedentary,gain,0,1980
23,male,184.8,75.8,22.2,light,lose,2,2075
64,female,155.5,86.4,35.73,moderate,build_muscle,3,2482
35,male,185.3,63.2,18.41,moderate,maintain,3,2629
40,male,170.1,80.5,27.82,moderate,maintain,5,2759
18,male,181.3,84.9,25.83,moderate,gain,4,3511
25,female,174.6,63.9,20.96,sedentary,lose,0,1217
22,female,163.0,48.5,18.25,light,maintain,1,1765
54,female,156.6,67.8,27.65,moderate,lose,4,1621
62,female,163.8,67.1,25.01,active,lose,6,1864
51,female,175.5,73.5,23.86,moderate,lose,3,1894
67,male,181.2,63.7,19.4,active,build_muscle,4,2919
27,male,175.8,84.0,27.18,sedentary,gain,0,2547
47,female,173.8,63.5,21.02,light,build_muscle,3,2118
58,female,160.0,73.8,28.83,light,maintain,2,1812
37,male,172.0,72.5,24.51,light,lose,3,1885
57,male,169.5,68.9,23.98,moderate,build_muscle,5,2731
38,male,170.7,63.9,21.93,very_active,maintain,6,3074
50,male,174.6,73.1,23.98,moderate,build_muscle,5,2849
36,female,162.4,48.6,18.43,moderate,lose,5,1562
22,female,158.7,75.3,29.9,light,lose,3,1728
39,male,173.6,92.7,30.76,active,lose,6,2928
26,female,149.3,48.4,21.71,light,lose,2,1200
59,male,165.0,68.6,25.2,sedentary,lose,0,1226
67,female,158.0,63.7,25.52,sedentary,lose,0,1200
60,male,175.5,64.5,20.94,sedentary,lose,0,1337
62,male,177.9,52.6,16.62,sedentary,maintain,1,1598
57,female,171.4,59.0,20.08,light,maintain,2,1798
30,female,151.5,82.7,36.03,very_active,maintain,6,2997
28,female,154.9,71.1,29.63,sedentary,lose,1,1200
53,female,173.1,56.0,18.69,light,lose,1,1259
45,male,169.6,99.9,34.73,active,build_muscle,4,3604
21,female,157.6,69.4,27.94,light,lose,1,1608
68,female,165.9,64.9,23.58,active,maintain,4,2192
46,female,151.6,47.1,20.49,sedentary,lose,0,1200
25,female,159.6,64.3,25.24,sedentary,lose,1,1200
25,male,180.9,62.9,19.22,light,maintain,3,2360
18,female,166.9,56.9,20.43,light,gain,1,2239
22,female,171.4,59.0,20.08,moderate,maintain,3,2229
41,female,168.0,63.0,22.32,moderate,lose,5,1768
67,male,164.3,65.2,24.15,sedentary,lose,1,1212
62,female,159.0,56.1,22.19,sedentary,gain,1,1688
36,male,180.2,98.0,30.18,active,lose,5,2952
34,female,161.0,78.5,30.28,light,build_muscle,1,2304
35,female,167.8,70.4,25.0,active,gain,5,2957
41,female,166.8,74.8,26.88,active,gain,4,2928
56,female,167.4,62.8,22.41,light,lose,2,1300
28,female,157.9,59.2,23.74,sedentary,build_muscle,1,1788
35,female,155.1,48.0,19.95,sedentary,gain,1,1680
19,male,186.9,87.1,24.93,moderate,lose,3,2714
67,male,171.4,66.3,22.57,active,lose,4,2076
46,female,147.6,64.2,29.47,light,lose,3,1223
33,female,164.6,62.4,23.03,sedentary,maintain,0,1590
31,female,168.4,72.0,25.39,active,maintain,4,2652
22,male,159.7,84.3,33.05,light,lose,3,2143
63,female,158.8,75.6,29.98,active,build_muscle,6,2672
68,male,172.3,83.1,27.99,very_active,gain,5,3515
47,female,161.4,67.6,25.95,moderate,lose,4,1646
63,female,161.3,49.8,19.14,moderate,build_muscle,3,1973
46,male,181.0,60.7,18.53,sedentary,build_muscle,0,2075
45,male,159.9,75.5,29.53,active,maintain,5,2838
40,male,182.1,90.9,27.41,light,lose,1,2118
26,female,156.2,52.3,21.44,sedentary,maintain,0,1473
54,female,171.6,84.2,28.59,sedentary,build_muscle,1,2083
67,male,166.0,68.1,24.71,sedentary,build_muscle,1,1933
61,male,170.7,64.1,22.0,moderate,lose,4,1894
47,female,165.7,77.4,28.19,light,gain,3,2431
26,female,162.5,63.9,24.2,sedentary,lose,0,1200
46,female,163.0,68.0,25.59,light,lose,3,1375
38,male,186.1,95.0,27.43,sedentary,lose,1,1876
37,female,160.0,63.1,24.65,light,maintain,1,1809
36,male,183.3,49.1,14.61,moderate,maintain,5,2443
24,male,161.0,87.3,33.68,moderate,gain,4,3235
41,male,176.7,71.2,22.8,light,gain,2,2638
26,male,183.9,74.0,21.88,moderate,lose,4,2426
50,female,158.3,66.0,26.34,moderate,build_muscle,5,2347
27,female,156.4,54.8,22.4,light,maintain,1,1688
55,female,169.0,52.3,18.31,light,gain,2,2048
19,female,155.9,75.1,30.9,very_active,maintain,7,3071
34,female,155.9,81.8,33.66,moderate,maintain,5,2428
55,male,166.3,77.9,28.17,moderate,gain,4,2922
54,male,185.7,81.9,23.75,sedentary,lose,0,1602
62,female,165.4,75.4,27.56,moderate,maintain,5,2208
53,male,163.6,67.3,25.14,light,lose,1,1605
52,female,159.4,71.6,28.18,moderate,gain,5,2536
30,female,157.8,71.6,28.75,light,build_muscle,2,2225
63,female,165.9,79.6,28.92,light,lose,3,1518
43,female,166.5,74.4,26.84,active,lose,5,2076
40,male,186.4,67.3,19.37,moderate,lose,5,2266
26,female,171.9,77.0,26.06,sedentary,lose,0,1450
21,male,181.8,82.9,25.08,light,gain,1,2994
44,male,176.3,60.6,19.5,light,gain,2,2414
36,female,153.7,43.9,18.58,sedentary,maintain,0,1289
20,male,173.4,89.1,29.63,light,build_muscle,2,2904
18,male,172.7,92.9,31.15,active,lose,5,3087
26,female,162.4,70.3,26.66,sedentary,lose,0,1231
59,female,162.8,70.1,26.45,moderate,gain,5,2471
45,female,158.9,58.3,23.09,moderate,lose,3,1498
38,female,163.8,62.5,23.29,light,maintain,2,1883
34,male,174.1,64.6,21.31,sedentary,lose,1,1424
43,male,168.9,48.9,17.14,active,gain,6,2920
41,female,173.5,57.2,19.0,sedentary,lose,1,1200
62,female,155.5,59.2,24.48,light,gain,1,1892
51,male,164.0,56.8,21.12,sedentary,maintain,0,1630
54,male,171.3,74.2,25.29,active,maintain,6,2892
50,male,186.2,71.9,20.74,sedentary,maintain,0,1969
61,female,166.9,46.5,16.69,light,build_muscle,3,1791
40,female,165.7,58.8,21.42,sedentary,build_muscle,1,1759
36,male,164.5,88.1,32.56,moderate,build_muscle,5,3146
46,female,161.5,79.4,30.44,light,gain,3,2341
59,male,178.6,71.0,22.26,very_active,lose,5,2640
66,male,170.4,86.8,29.89,moderate,maintain,5,2672
32,female,163.1,73.1,27.48,light,build_muscle,3,2321
57,female,161.2,65.3,25.13,sedentary,lose,0,1200
46,male,165.8,64.3,23.39,sedentary,gain,1,2090
26,male,179.7,65.3,20.22,active,gain,5,3372
33,female,161.8,68.8,26.28,moderate,lose,4,1812
58,male,186.1,68.8,19.87,sedentary,lose,1,1424
62,female,159.6,66.1,25.95,light,gain,2,2054
47,male,181.7,90.4,27.38,very_active,maintain,5,3590
33,female,162.8,72.8,27.47,sedentary,maintain,1,1785
21,male,183.1,73.7,21.98,moderate,build_muscle,3,3168
48,male,180.5,103.4,31.74,light,build_muscle,1,3017
65,male,168.1,90.8,32.13,sedentary,maintain,0,1966
33,female,151.5,56.9,24.79,light,maintain,2,1694
47,female,169.2,88.3,30.84,light,build_muscle,1,2466
38,female,155.3,70.3,29.15,sedentary,lose,1,1200
36,female,160.0,68.7,26.84,light,build_muscle,2,2196
34,female,163.7,50.3,18.77,moderate,gain,4,2373
26,male,188.4,73.2,20.62,active,maintain,6,3248
51,male,191.1,81.3,22.26,active,gain,4,3464
22,male,184.0,75.5,22.3,light,lose,3,2125
60,female,162.2,63.1,23.98,moderate,lose,5,1552
19,female,154.5,46.0,19.27,light,build_muscle,1,1892
24,male,170.1,74.5,25.75,moderate,lose,4,2311
43,female,170.0,55.1,19.07,moderate,lose,3,1580
23,male,169.6,83.1,28.89,light,maintain,3,2573
59,female,170.3,66.0,22.76,active,lose,6,1904
32,male,179.9,101.4,31.33,active,maintain,4,3609
52,female,158.1,60.4,24.16,active,lose,4,1707
66,male,182.4,54.2,16.29,active,lose,6,2105
61,female,176.3,70.9,22.81,moderate,lose,5,1791
50,male,175.8,64.0,20.71,sedentary,lose,0,1310
67,female,173.1,55.8,18.62,moderate,maintain,3,1922
53,female,169.9,58.8,20.37,moderate,gain,3,2356
63,male,169.4,85.2,29.69,light,gain,1,2598
38,female,161.0,66.7,25.73,active,maintain,5,2468
46,female,164.8,50.7,18.67,sedentary,lose,0,1200
42,female,170.2,63.9,22.06,moderate,gain,5,2669
61,male,163.6,70.8,26.45,light,maintain,1,2015
45,male,174.9,86.8,28.38,moderate,lose,3,2346
47,male,166.8,84.7,30.44,active,lose,6,2641
39,female,156.1,67.3,27.62,active,gain,6,2810
48,male,181.3,62.8,19.11,very_active,lose,7,2778
54,female,164.2,53.4,19.81,light,gain,2,2007
61,male,182.8,76.3,22.83,moderate,build_muscle,3,2835
36,female,164.3,59.4,22.0,active,gain,6,2718
34,male,176.0,64.8,20.92,moderate,lose,5,2132
55,female,156.2,70.6,28.94,active,gain,6,2799
24,male,180.8,78.3,23.95,light,maintain,1,2456
66,female,156.9,80.1,32.54,sedentary,lose,0,1200
46,male,175.4,65.8,21.39,moderate,gain,3,2853
19,female,157.2,64.0,25.9,active,lose,6,2136
68,female,167.7,66.4,23.61,light,maintain,3,1809
38,female,164.9,64.4,23.68,moderate,lose,4,1710
65,male,166.4,76.3,27.56,sedentary,maintain,1,1836
43,male,172.5,69.9,23.49,moderate,lose,5,2137
42,female,160.0,70.6,27.58,light,gain,1,2221
52,male,178.7,86.7,27.15,light,lose,2,1948
57,female,161.3,58.8,22.6,light,maintain,1,1627
57,female,154.2,54.2,22.79,light,lose,1,1200
44,female,172.8,51.2,17.15,light,maintain,3,1744
53,male,179.3,85.3,26.53,sedentary,build_muscle,0,2364
26,female,150.1,66.7,29.6,moderate,gain,4,2559
44,female,161.1,51.5,19.84,sedentary,maintain,0,1362
28,female,168.4,65.7,23.17,moderate,maintain,5,2314
54,male,186.4,90.8,26.13,active,lose,4,2811
45,male,167.4,95.6,34.12,moderate,lose,3,2457
34,female,155.5,79.5,32.88,light,build_muscle,1,2274
63,female,174.1,54.1,17.85,moderate,gain,3,2219
54,male,172.2,84.5,28.5,light,lose,3,1920
26,male,186.1,98.2,28.35,active,build_muscle,6,3930
62,male,180.0,68.7,21.2,moderate,build_muscle,5,2746
58,female,165.4,52.6,19.23,moderate,build_muscle,3,2093
50,female,163.0,46.1,17.35,active,maintain,5,2017
64,male,176.5,94.2,30.24,moderate,build_muscle,5,3098
31,female,175.8,58.9,19.06,light,lose,2,1482
68,female,170.8,53.7,18.41,sedentary,lose,1,1200
25,male,180.2,72.7,22.39,light,build_muscle,2,2719
59,male,187.7,67.5,19.16,active,lose,5,2480
23,female,152.5,80.2,34.49,sedentary,lose,1,1351
59,female,151.4,67.1,29.27,sedentary,lose,0,1200
18,female,169.4,63.5,22.13,sedentary,build_muscle,0,1956
64,male,176.8,78.1,24.99,light,lose,2,1765
59,male,180.4,75.7,23.26,light,lose,3,1864
58,male,182.4,75.7,22.75,moderate,maintain,3,2525
24,male,178.6,81.1,25.42,moderate,lose,4,2491
59,female,166.5,75.1,27.09,moderate,maintain,5,2268
60,male,179.9,69.8,21.57,moderate,lose,4,2054
49,male,178.6,68.7,21.54,moderate,lose,3,2095
38,female,172.4,79.1,26.61,moderate,lose,5,2096
19,male,184.0,74.2,21.92,sedentary,build_muscle,1,2444
58,female,160.2,44.7,17.42,light,maintain,3,1429
23,female,160.8,58.2,22.51,sedentary,build_muscle,1,1897
55,female,154.2,47.4,19.93,moderate,lose,5,1200
21,male,183.6,77.0,22.84,sedentary,maintain,0,2261
60,female,162.4,45.0,17.06,sedentary,gain,0,1599
28,female,177.8,50.3,15.91,active,gain,4,2797
39,male,178.2,66.3,20.88,sedentary,gain,0,2212
49,male,176.2,81.0,26.09,sedentary,gain,0,2339
65,male,173.6,75.8,25.15,active,lose,5,2301
20,male,189.6,48.8,13.58,moderate,maintain,4,2561
44,male,182.1,70.2,21.17,active,maintain,4,2868
32,male,175.8,88.3,28.57,very_active,lose,6,3138
67,female,166.5,54.9,19.8,moderate,lose,3,1334
47,male,189.5,52.5,14.62,very_active,gain,7,3475
27,male,184.2,76.5,22.55,sedentary,lose,0,1695
65,female,162.9,62.3,23.48,light,lose,2,1200
27,male,175.2,70.4,22.94,active,build_muscle,6,3275
65,female,170.7,67.2,23.06,sedentary,build_muscle,0,1761
45,male,173.8,70.1,23.21,light,build_muscle,2,2458
46,female,152.1,62.4,26.97,sedentary,gain,0,1784
24,male,180.6,88.5,27.13,light,maintain,1,2609
23,male,178.7,86.9,27.21,active,gain,4,3770
38,male,183.5,92.4,27.44,very_active,lose,5,3296
19,male,170.4,100.4,34.58,moderate,maintain,3,3152
24,female,164.3,57.3,21.23,sedentary,build_muscle,0,1877
61,female,172.5,52.2,17.54,moderate,lose,3,1376
22,male,179.7,93.7,29.02,active,lose,5,3158
28,male,189.3,88.3,24.64,moderate,maintain,4,3116
29,female,153.7,82.1,34.75,light,maintain,1,2111
59,male,178.4,72.3,22.72,moderate,lose,4,2124
26,female,154.2,70.7,29.73,moderate,lose,5,1893
48,female,142.7,50.8,24.95,active,maintain,5,1887
29,female,172.3,65.4,22.03,sedentary,build_muscle,1,2096
67,female,170.8,56.1,19.23,sedentary,lose,0,1200
52,female,169.3,42.0,14.65,sedentary,build_muscle,0,1430
40,female,153.9,94.2,39.77,sedentary,lose,1,1394
55,female,173.7,66.0,21.87,active,maintain,6,2532
52,female,158.8,58.4,23.16,sedentary,lose,0,1200
51,male,168.9,77.6,27.2,moderate,build_muscle,4,2825
21,female,147.7,77.5,35.53,active,gain,6,3037
22,female,151.3,81.7,35.69,light,lose,2,1629
68,female,180.2,54.9,16.91,light,gain,3,2039
32,female,156.5,45.6,18.62,light,gain,2,1990
67,female,171.1,65.8,22.48,moderate,build_muscle,5,2332
58,male,158.8,63.8,25.3,sedentary,gain,0,1947
63,male,181.8,65.9,19.94,light,lose,1,1578
62,male,181.6,80.1,24.29,sedentary,lose,1,1508
44,male,179.2,63.3,19.71,light,lose,2,1736
28,male,162.3,83.0,31.51,sedentary,lose,1,1649
42,male,175.1,78.7,25.67,active,build_muscle,5,3328
63,female,179.4,68.1,21.16,sedentary,build_muscle,0,1871
44,male,178.4,69.2,21.74,moderate,lose,4,2105
33,female,168.8,69.2,24.29,light,maintain,1,1965
60,female,168.7,54.1,19.01,sedentary,lose,1,1200
48,male,179.8,66.7,20.63,light,maintain,3,2239
29,female,173.0,55.6,18.58,sedentary,lose,1,1207
34,female,163.8,71.6,26.69,sedentary,gain,0,2068
66,female,166.3,51.2,18.51,active,build_muscle,5,2230
54,female,168.9,54.5,19.1,sedentary,build_muscle,0,1578
25,male,175.8,89.5,28.96,active,lose,4,2910
26,male,179.1,77.4,24.13,moderate,lose,5,2494
64,female,170.5,66.5,22.88,light,lose,2,1332
51,female,149.3,68.8,30.87,moderate,maintain,5,2046
27,male,172.2,60.3,20.34,very_active,lose,5,2650
68,male,173.8,91.7,30.36,light,maintain,2,2338
20,female,155.5,68.2,28.2,moderate,gain,4,2680
43,male,181.5,68.5,20.79,sedentary,gain,1,2322
37,female,162.1,60.6,23.06,moderate,lose,3,1668
37,male,184.5,73.7,21.65,active,lose,5,2663
31,female,161.1,72.6,27.97,light,maintain,2,2000
50,male,176.8,71.4,22.84,moderate,maintain,5,2621
30,male,174.7,81.1,26.57,light,build_muscle,3,2749
35,male,169.9,86.7,30.04,light,build_muscle,3,2807
29,female,164.3,75.1,27.82,moderate,lose,4,1962
36,male,178.5,76.7,24.07,active,gain,4,3467
35,male,167.0,67.0,24.02,active,build_muscle,6,3089
48,male,185.8,66.1,19.15,moderate,lose,4,2085
45,female,152.5,80.0,34.4,light,lose,2,1458
55,female,169.7,70.9,24.62,moderate,build_muscle,4,2414
37,female,159.5,57.9,22.76,light,lose,2,1274
34,female,153.4,42.0,17.85,moderate,lose,5,1356
60,female,148.1,60.4,27.54,sedentary,maintain,1,1335
44,female,153.6,73.1,30.98,moderate,build_muscle,3,2355
60,female,172.2,57.1,19.26,sedentary,gain,0,1796
24,female,151.7,66.3,28.81,moderate,maintain,3,2238
32,male,170.4,62.8,21.63,light,gain,2,2580
34,female,156.3,56.7,23.21,sedentary,lose,0,1200
61,male,176.9,67.9,21.7,sedentary,build_muscle,0,2051
39,male,167.3,85.1,30.4,active,maintain,5,3133
49,male,172.2,57.1,19.26,light,lose,2,1644
31,female,163.3,56.3,21.11,moderate,maintain,3,2095
43,female,168.4,51.7,18.23,sedentary,maintain,1,1484
38,male,176.4,60.0,19.28,sedentary,lose,0,1382
26,female,177.2,73.4,23.38,light,lose,1,1742
36,female,154.8,66.6,27.79,light,maintain,3,1914
40,female,162.8,63.0,23.77,active,build_muscle,4,2588
32,male,175.4,69.2,22.49,moderate,maintain,3,2676
42,male,184.8,83.1,24.33,light,lose,1,2015
59,male,177.3,72.5,23.06,sedentary,maintain,0,1814
31,male,173.3,69.8,23.24,light,gain,3,2651
57,female,160.0,59.3,23.16,active,lose,6,1717
49,male,171.6,78.8,26.76,light,maintain,1,2285
63,female,159.5,66.5,26.14,light,build_muscle,3,2014
18,male,173.1,62.6,20.89,active,gain,4,3222
67,male,163.2,74.5,27.97,sedentary,lose,0,1200
47,female,168.2,82.2,29.05,active,build_muscle,5,2993
45,female,162.8,58.1,21.92,moderate,lose,3,1523
46,female,159.3,71.4,28.14,moderate,lose,4,1726
25,male,159.4,95.4,37.55,light,lose,2,2152
25,male,165.0,90.1,33.09,very_active,build_muscle,5,3910
55,female,154.0,64.6,27.24,light,maintain,2,1629
48,male,165.7,81.6,29.72,light,lose,2,1835
18,female,160.0,47.1,18.4,moderate,maintain,5,2080
51,female,180.2,46.1,14.2,sedentary,gain,0,1748
40,female,157.8,49.5,19.88,sedentary,build_muscle,0,1676
49,female,164.2,66.0,24.48,light,lose,2,1370
50,male,178.0,94.4,29.79,light,lose,2,2068
49,male,179.6,69.8,21.64,light,gain,1,2564
44,female,171.6,66.1,22.45,active,gain,6,2845
59,male,163.2,60.9,22.87,light,lose,1,1351
39,female,154.0,57.4,24.2,light,gain,3,2063
18,male,177.1,62.7,19.99,very_active,lose,7,2983
62,female,174.7,77.5,25.39,light,build_muscle,3,2271
30,male,172.3,94.4,31.8,sedentary,build_muscle,0,2548
24,female,163.1,59.6,22.4,moderate,gain,3,2529
49,male,167.3,97.2,34.73,moderate,maintain,5,2932
50,female,166.0,42.0,15.24,moderate,lose,3,1318
50,female,169.2,71.4,24.94,moderate,gain,3,2539
43,female,181.1,56.4,17.2,light,lose,2,1376
62,female,154.2,53.9,22.67,moderate,maintain,3,1695
31,male,171.3,68.4,23.31,light,gain,3,2610
63,female,148.7,70.7,31.97,light,maintain,3,1722
61,female,162.8,42.0,15.85,light,build_muscle,1,1613
21,male,175.7,71.8,23.26,moderate,lose,4,2329
27,female,168.7,48.7,17.11,light,gain,1,2073
65,male,182.8,68.2,20.41,light,gain,3,2496
62,female,154.8,42.0,17.53,light,build_muscle,3,1598
65,male,185.4,75.8,22.05,moderate,build_muscle,3,2879
66,female,153.3,53.5,22.77,sedentary,gain,0,1547
29,male,180.8,96.6,29.55,sedentary,lose,1,1919
26,female,170.2,81.0,27.96,sedentary,maintain,0,1977
67,male,180.6,92.4,28.33,moderate,maintain,5,2825
22,female,164.3,53.6,19.86,sedentary,lose,0,1200
23,female,159.0,49.7,19.66,moderate,lose,4,1632
66,male,169.3,66.0,23.03,moderate,gain,5,2736
33,female,163.6,75.5,28.21,moderate,build_muscle,5,2648
42,female,177.6,49.6,15.73,light,maintain,2,1810
50,female,164.3,66.9,24.78,sedentary,build_muscle,0,1756
50,female,165.7,65.4,23.82,very_active,gain,7,3037
61,male,176.1,70.6,22.77,light,gain,3,2534
59,female,164.1,59.1,21.95,moderate,lose,5,1517
29,male,179.0,80.6,25.16,moderate,lose,4,2413
42,female,156.2,66.4,27.21,light,lose,1,1281
66,male,173.5,75.9,25.21,active,lose,6,2369
36,male,177.6,65.3,20.7,sedentary,gain,1,2243
48,male,186.1,81.1,23.42,moderate,gain,5,3241
58,female,169.5,76.0,26.45,active,gain,6,2868
53,male,159.9,81.1,31.72,sedentary,maintain,1,1882
37,male,179.3,96.7,30.08,moderate,lose,5,2693
32,male,172.4,68.6,23.08,sedentary,gain,0,2262
59,female,157.5,60.2,24.27,sedentary,lose,1,1200
24,male,173.7,74.9,24.82,sedentary,maintain,1,2112
62,female,155.2,55.8,23.17,light,lose,2,1200
63,male,182.0,75.1,22.67,active,lose,6,2446
48,female,156.6,65.4,26.67,light,maintain,1,1720
26,female,160.7,68.6,26.56,moderate,maintain,5,2329
19,male,182.6,61.1,18.32,active,maintain,6,3080
52,female,164.9,73.8,27.14,moderate,lose,4,1752
67,male,162.7,62.3,23.53,sedentary,maintain,0,1539
57,male,181.7,67.2,20.35,sedentary,lose,0,1329
40,female,174.5,67.7,22.23,sedentary,lose,0,1261
42,female,164.3,51.1,18.93,sedentary,build_muscle,1,1693
63,male,187.1,72.4,20.68,light,gain,3,2611
41,female,161.8,43.0,16.43,sedentary,lose,0,1200
40,female,165.6,53.8,19.62,moderate,build_muscle,3,2214
32,male,175.9,92.5,29.9,sedentary,lose,1,1852
60,male,177.8,99.6,31.51,moderate,maintain,4,2903
19,female,164.2,63.2,23.44,moderate,lose,5,1917
54,male,178.9,82.3,25.71,active,maintain,5,3030
64,male,170.0,72.7,25.16,active,lose,6,2239
48,female,169.3,81.2,28.33,moderate,gain,3,2702
64,male,169.3,64.4,22.47,moderate,lose,4,1767
26,female,166.7,67.7,24.36,active,maintain,5,2660
48,male,166.3,90.3,32.65,active,maintain,4,3058
48,male,166.7,52.4,18.86,light,lose,3,1460
20,female,156.1,59.2,24.29,active,maintain,5,2394
55,female,168.1,42.0,14.86,active,maintain,5,1986
23,male,182.8,70.5,21.1,light,lose,3,2114
54,male,166.4,73.8,26.65,light,lose,2,1686
59,female,164.8,55.6,20.47,light,maintain,3,1645
61,female,159.2,67.5,26.63,moderate,maintain,3,1941
37,female,169.5,46.2,16.08,light,lose,3,1243
65,male,177.8,98.5,31.16,active,lose,6,2798
28,male,180.3,61.8,19.01,active,build_muscle,5,3234
23,female,167.6,66.1,23.53,sedentary,lose,1,1336
63,female,160.0,66.7,26.05,moderate,lose,4,1533
18,female,166.1,78.4,28.42,active,lose,4,2409
57,male,166.7,77.7,27.96,sedentary,lose,0,1405
35,male,177.4,64.1,20.37,light,maintain,3,2331
53,male,177.2,70.7,22.52,active,lose,5,2471
56,male,184.6,72.7,21.33,light,lose,1,1779
50,male,178.1,67.4,21.25,active,build_muscle,6,3202
62,female,156.6,66.8,27.24,light,lose,2,1274
55,female,161.1,71.2,27.43,light,lose,1,1318
38,male,169.6,82.3,28.61,light,gain,2,2755
22,female,166.1,56.5,20.48,light,lose,3,1479
29,female,173.0,57.6,19.25,active,maintain,4,2473
31,female,168.2,65.7,23.22,active,lose,4,2157
23,male,170.7,58.9,20.21,moderate,gain,5,2987
57,female,159.5,53.6,21.07,active,maintain,5,2118
29,female,178.5,60.6,19.02,light,lose,3,1631
48,female,169.2,65.6,22.91,light,build_muscle,1,2086
25,female,160.5,51.4,19.95,moderate,lose,3,1552
57,female,165.2,67.6,24.77,light,lose,3,1374
41,female,166.0,73.6,26.71,light,gain,2,2373
54,male,170.9,87.6,29.99,sedentary,lose,1,1634
53,male,168.9,81.3,28.5,sedentary,build_muscle,0,2176
49,female,163.2,78.4,29.44,moderate,maintain,4,2362
37,female,162.9,84.8,31.96,sedentary,lose,0,1434
58,female,167.7,77.9,27.7,light,lose,3,1580
40,female,166.5,63.7,22.98,active,build_muscle,4,2616
67,male,170.6,73.5,25.25,light,gain,2,2473
42,male,169.3,66.5,23.2,very_active,build_muscle,7,3391
22,female,157.1,71.9,29.13,light,gain,3,2436
56,female,159.6,56.1,22.02,light,build_muscle,2,1856
44,female,154.5,73.7,30.88,sedentary,lose,1,1231
31,male,177.9,81.3,25.69,sedentary,build_muscle,0,2415
24,male,177.3,75.4,23.99,moderate,build_muscle,4,3118
33,male,175.3,62.0,20.18,sedentary,maintain,0,1918
48,female,164.8,42.0,15.46,active,maintain,4,1964
55,male,166.8,65.4,23.51,moderate,maintain,5,2358
48,female,156.3,43.7,17.89,light,lose,2,1200
37,male,185.7,77.0,22.33,moderate,lose,4,2399
66,female,163.2,61.5,23.09,light,lose,1,1200
53,male,170.2,85.5,29.52,moderate,lose,3,2215
32,female,153.2,62.1,26.46,sedentary,gain,1,1931
59,female,162.4,43.0,16.3,light,build_muscle,1,1656
57,female,165.6,46.7,17.03,light,lose,1,1200
52,male,197.2,80.8,20.78,light,lose,2,2071
18,male,170.2,64.1,22.13,light,gain,2,2648
62,female,164.6,53.5,19.75,active,build_muscle,4,2271
29,female,170.0,70.5,24.39,active,build_muscle,4,2974
42,male,177.2,62.1,19.78,moderate,lose,4,2050
48,male,172.5,50.6,17.0,active,lose,6,2144
65,male,185.0,70.0,20.45,light,maintain,1,2140
25,male,178.0,77.2,24.37,sedentary,gain,0,2505
68,female,163.8,91.9,34.25,moderate,gain,5,2732
33,male,171.6,79.1,26.86,moderate,build_muscle,5,3078
21,male,173.2,81.9,27.3,light,lose,2,2108
46,female,182.7,62.8,18.81,light,gain,2,2309
49,male,173.2,60.0,20.0,light,maintain,3,2101
35,female,169.0,73.0,25.56,active,lose,6,2227
46,male,174.2,85.7,28.24,light,lose,3,1964
57,male,175.5,90.0,29.22,sedentary,gain,1,2398
51,male,170.4,55.8,19.22,sedentary,lose,1,1222
20,male,173.0,79.5,26.56,active,lose,5,2782
24,male,187.2,79.7,22.74,light,maintain,3,2643
32,female,157.9,59.7,23.94,active,lose,5,1895
47,male,176.9,71.6,22.88,moderate,build_muscle,4,2884
57,male,163.2,75.6,28.38,sedentary,lose,0,1355
24,male,174.5,60.2,19.77,sedentary,maintain,0,1816
65,female,155.8,75.4,31.06,light,maintain,3,1843
24,female,165.2,69.0,25.28,light,lose,1,1521
38,female,161.0,42.0,16.2,active,maintain,6,2028
64,female,160.7,70.3,27.22,light,lose,3,1365
46,female,160.6,63.2,24.5,sedentary,lose,0,1200
37,male,199.1,77.5,19.55,sedentary,lose,1,1829
24,male,171.3,87.8,29.92,sedentary,lose,0,1758
34,male,177.3,70.7,22.49,light,build_muscle,3,2651
29,female,165.9,42.0,15.26,moderate,build_muscle,3,2144
20,female,161.9,48.7,18.58,sedentary,lose,1,1200
25,female,173.5,68.4,22.72,moderate,maintain,3,2384
21,female,162.3,66.0,25.06,light,lose,3,1585
46,female,159.2,63.3,24.98,sedentary,maintain,1,1474
26,male,171.3,88.7,30.23,moderate,maintain,4,3016
66,male,180.8,87.0,26.61,light,gain,1,2722
33,male,188.5,85.8,24.15,light,build_muscle,1,2892
40,female,167.7,66.7,23.72,moderate,gain,3,2584
57,female,168.5,45.1,15.88,moderate,maintain,3,1756
25,male,183.4,75.4,22.42,moderate,lose,4,2423
39,male,174.7,70.1,22.97,light,lose,1,1787
53,female,158.2,45.3,18.1,sedentary,gain,0,1575
55,female,170.1,55.5,19.18,light,lose,1,1222
47,male,165.2,75.1,27.52,light,lose,3,1787
24,female,177.0,65.6,20.94,moderate,lose,4,1931
49,female,162.4,72.1,27.34,sedentary,maintain,1,1599
20,male,176.2,92.0,29.63,light,lose,1,2286
58,female,164.2,51.2,18.99,very_active,lose,5,1901
42,female,172.9,50.2,16.79,sedentary,maintain,1,1494
60,female,169.3,74.6,26.03,light,gain,3,2345
44,male,176.3,83.5,26.86,very_active,build_muscle,6,3714
55,male,177.3,53.5,17.02,active,lose,6,2113
45,male,197.8,75.0,19.17,sedentary,build_muscle,0,2351
29,male,185.3,65.0,18.93,moderate,gain,4,3141
37,female,147.7,72.0,33.0,active,build_muscle,5,2676
29,male,180.2,113.5,34.95,moderate,maintain,5,3480
56,male,177.4,95.7,30.41,light,gain,2,2927
63,female,173.1,58.9,19.66,light,maintain,1,1660
32,male,189.3,80.4,22.44,sedentary,lose,1,1793
66,male,187.8,78.3,22.2,very_active,maintain,7,3366
62,female,159.5,73.8,29.01,sedentary,maintain,0,1466
43,female,154.8,49.1,20.49,moderate,maintain,5,1816
51,male,182.8,85.1,25.47,active,build_muscle,4,3363
53,male,175.1,59.2,19.31,very_active,lose,6,2509
37,female,163.9,54.1,20.14,sedentary,lose,0,1200
59,female,148.9,46.2,20.84,sedentary,gain,0,1491
44,female,162.3,65.2,24.75,light,build_muscle,1,2064
62,female,161.0,52.7,20.33,sedentary,gain,0,1580
63,male,168.8,79.9,28.04,light,lose,3,1762
20,female,160.3,65.8,25.61,moderate,gain,3,2547
27,male,181.5,94.5,28.69,light,lose,2,2295
30,male,180.9,98.1,29.98,sedentary,maintain,1,2396
56,male,180.4,69.6,21.39,moderate,maintain,4,2496
33,male,179.9,83.7,25.86,moderate,build_muscle,3,3128
29,male,182.9,91.2,27.26,sedentary,build_muscle,1,2576
44,male,179.0,83.7,26.12,light,gain,3,2848
47,male,176.0,63.7,20.56,sedentary,gain,1,2170
66,male,181.7,61.2,18.54,light,lose,3,1631
39,female,154.6,60.7,25.4,moderate,maintain,3,1904
48,male,166.3,73.1,26.43,moderate,gain,4,2823
34,female,142.0,57.3,28.42,light,lose,3,1200
49,female,163.3,71.1,26.66,sedentary,lose,0,1200
25,male,187.1,78.7,22.48,sedentary,build_muscle,1,2462
18,male,179.7,63.4,19.63,light,lose,2,1878
67,female,173.6,63.6,21.1,light,gain,3,2203
39,male,172.3,90.8,30.59,light,maintain,1,2435
48,male,181.0,88.0,26.86,active,build_muscle,5,3497
51,male,167.9,69.6,24.69,light,maintain,1,2145
68,female,151.8,86.1,37.36,light,lose,2,1372
29,female,153.4,44.8,19.04,moderate,gain,4,2157
35,male,168.0,83.9,29.73,sedentary,maintain,1,2104
41,male,182.6,80.9,24.26,active,maintain,4,3100
50,female,166.6,71.3,25.69,light,build_muscle,2,2170
51,male,171.6,72.9,24.76,moderate,maintain,5,2563
18,male,175.1,79.6,25.96,active,build_muscle,5,3529
19,female,163.4,54.6,20.45,active,lose,4,1938
35,female,151.2,59.2,25.9,moderate,lose,3,1516
31,male,177.4,60.2,19.13,light,build_muscle,2,2454
28,male,185.9,83.8,24.25,light,maintain,1,2674
24,male,179.1,71.9,22.41,light,gain,3,2835
57,female,159.1,70.8,27.97,sedentary,gain,0,1916
54,female,161.1,76.6,29.51,active,maintain,5,2537
61,female,155.6,48.2,19.91,light,build_muscle,1,1675
43,female,155.6,73.0,30.15,light,build_muscle,2,2215
49,female,170.8,65.4,22.42,light,maintain,1,1837
50,male,183.3,95.1,28.3,moderate,lose,5,2634
68,male,173.1,89.7,29.94,moderate,lose,3,2113
22,female,157.4,52.1,21.03,moderate,gain,4,2456
52,female,161.5,56.6,21.7,moderate,gain,5,2278
38,female,159.4,43.8,17.24,sedentary,build_muscle,0,1528
61,male,181.4,55.5,16.87,light,maintain,3,2037
55,male,178.1,91.2,28.75,sedentary,lose,0,1628
52,female,160.5,77.7,30.16,light,lose,2,1470
45,female,174.8,58.1,19.01,very_active,maintain,7,2615
26,female,164.5,59.8,22.1,active,build_muscle,4,2674
25,female,150.6,77.2,34.04,sedentary,gain,1,2044
63,female,157.9,70.2,28.16,light,gain,2,2116
44,female,169.8,84.5,29.31,moderate,lose,3,2119
27,male,174.3,61.2,20.14,light,build_muscle,1,2487
68,female,172.6,54.5,18.29,moderate,maintain,4,1804
42,female,160.2,68.6,26.73,moderate,maintain,5,2219
52,female,171.2,60.5,20.64,sedentary,maintain,1,1536
55,male,163.8,78.3,29.18,sedentary,gain,1,2215
33,male,176.7,54.9,17.58,very_active,lose,7,2642
57,female,169.1,66.3,23.19,moderate,maintain,5,2187
44,female,157.9,44.7,17.93,light,lose,3,1200
64,female,164.2,54.7,20.29,moderate,maintain,5,1969
36,male,183.8,69.3,20.51,sedentary,gain,1,2387
57,male,172.9,101.2,33.85,sedentary,lose,0,1774
41,female,156.9,66.0,26.81,moderate,maintain,5,2125
39,male,196.8,72.6,18.75,moderate,build_muscle,4,3128
33,female,155.8,53.6,22.08,sedentary,maintain,1,1408
59,male,174.7,100.0,32.77,sedentary,maintain,1,2179
42,male,188.6,70.8,19.9,light,maintain,2,2351
36,male,183.8,69.7,20.63,moderate,build_muscle,5,3030
45,female,162.1,50.7,19.29,light,lose,1,1200
59,female,156.3,56.8,23.25,moderate,lose,5,1393
61,female,160.6,60.5,23.46,light,gain,1,1936
44,male,179.1,79.5,24.78,light,lose,2,1957
21,male,178.1,93.6,29.51,active,build_muscle,6,3803
63,male,179.3,74.6,23.2,moderate,lose,5,2054
62,male,167.6,80.4,28.62,moderate,lose,4,2114
67,female,149.4,73.5,32.93,moderate,lose,3,1478
42,male,169.7,43.0,14.93,light,build_muscle,1,2128
22,female,146.9,64.3,29.8,moderate,lose,4,1724
31,female,168.5,59.1,20.82,light,lose,1,1400
22,male,170.5,71.7,24.66,light,build_muscle,1,2591
60,male,175.7,70.2,22.74,light,lose,1,1667
48,female,150.6,71.3,31.44,moderate,gain,5,2473
25,female,169.8,42.0,14.57,light,gain,2,2030
58,male,187.5,75.6,21.5,light,build_muscle,2,2613
59,female,166.8,67.1,24.12,very_active,gain,6,2992
24,female,158.5,55.4,22.05,sedentary,maintain,0,1531
49,male,180.0,58.3,17.99,moderate,maintain,4,2455
20,male,172.1,86.0,29.04,moderate,maintain,3,2976
61,female,153.3,72.4,30.81,moderate,lose,3,1508
65,male,183.3,90.7,26.99,light,build_muscle,1,2670
29,male,187.6,57.1,16.22,active,lose,6,2470
55,male,189.6,85.4,23.76,sedentary,maintain,0,2145
65,female,164.8,58.8,21.65,very_active,maintain,5,2298
68,female,163.5,66.3,24.8,sedentary,lose,1,1200
53,female,168.6,67.2,23.64,moderate,lose,5,1762
67,female,170.9,81.9,28.04,sedentary,lose,0,1207
44,female,153.9,56.2,23.73,light,lose,1,1200
51,female,158.1,65.5,26.2,sedentary,gain,0,1813
58,male,165.2,81.1,29.72,light,maintain,1,2152
51,male,187.0,73.4,20.99,active,build_muscle,6,3323
35,male,189.5,82.0,22.83,sedentary,build_muscle,1,2492
29,female,171.5,84.0,28.56,sedentary,lose,0,1448
20,female,165.5,65.9,24.06,light,lose,1,1562
50,female,174.1,78.6,25.93,moderate,maintain,4,2357
32,female,168.7,64.8,22.77,sedentary,gain,0,1977
32,female,171.3,69.5,23.68,sedentary,maintain,0,1768
41,female,159.6,74.5,29.25,moderate,build_muscle,3,2531
26,female,171.9,65.9,22.3,light,lose,2,1583
32,female,164.1,74.3,27.59,moderate,maintain,5,2388
54,male,191.4,71.2,19.44,sedentary,build_muscle,1,2273
47,female,159.3,59.8,23.57,moderate,lose,4,1602
55,female,165.8,87.8,31.94,active,build_muscle,4,2931
64,female,164.0,63.3,23.54,light,maintain,3,1714
46,male,172.7,76.2,25.55,moderate,gain,4,3013
33,female,161.8,60.1,22.96,light,lose,3,1411
54,female,163.0,60.6,22.81,light,gain,3,2045
58,female,169.9,47.8,16.56,active,lose,6,1649
51,female,170.2,65.4,22.58,light,build_muscle,3,2124
57,male,173.5,91.5,30.4,sedentary,build_muscle,1,2309
25,male,169.4,85.8,29.9,sedentary,lose,0,1650
39,male,170.9,76.5,26.19,light,build_muscle,3,2631
66,male,175.8,66.7,21.58,light,lose,3,1626
40,female,164.1,50.6,18.79,active,maintain,6,2241
46,female,153.9,49.4,20.86,active,build_muscle,4,2254
23,male,191.4,69.7,19.03,very_active,lose,5,3127
25,female,160.3,50.8,19.77,active,maintain,6,2357
48,male,177.2,68.0,21.66,moderate,lose,3,2093
32,male,180.9,62.4,19.07,light,maintain,3,2286
47,female,158.1,61.0,24.4,moderate,lose,4,1571
48,male,171.4,83.7,28.49,active,lose,5,2591
63,male,177.3,68.0,21.63,sedentary,gain,0,2119
33,male,194.9,103.8,27.33,moderate,maintain,4,3407
60,male,185.4,71.1,20.68,light,maintain,1,2230
25,female,169.3,57.6,20.1,light,lose,2,1492
59,female,161.2,59.6,22.94,light,build_muscle,3,1895
54,male,173.6,46.9,15.56,light,lose,2,1408
37,male,173.4,93.8,31.2,sedentary,lose,1,1803
56,male,169.3,62.7,21.88,sedentary,build_muscle,1,1982
61,female,165.8,60.8,22.12,light,lose,2,1227
60,male,173.1,81.6,27.23,active,lose,5,2522
46,female,163.5,66.3,24.8,moderate,maintain,4,2135
36,female,168.8,78.2,27.44,active,gain,5,3135
27,male,184.2,79.9,23.55,active,build_muscle,4,3568
23,female,173.0,63.7,21.28,light,lose,2,1589
30,male,163.0,81.0,30.49,moderate,lose,4,2331
49,female,155.7,58.5,24.13,sedentary,lose,1,1200
25,female,172.5,49.8,16.74,light,maintain,3,1818
19,male,180.7,83.1,25.45,very_active,lose,7,3323
34,female,169.1,54.3,18.99,moderate,lose,5,1663
34,male,177.4,79.9,25.39,light,build_muscle,1,2674
44,female,164.8,45.0,16.57,sedentary,lose,0,1200
67,male,166.6,60.1,21.65,moderate,lose,4,1770
35,female,153.6,56.4,23.91,sedentary,maintain,0,1376
26,male,168.3,74.6,26.34,light,lose,1,1901
30,male,178.8,80.6,25.21,moderate,build_muscle,5,3139
44,male,172.9,77.3,25.86,active,build_muscle,5,3221
46,male,186.0,89.5,25.87,moderate,lose,5,2535
19,female,162.9,57.5,21.67,sedentary,gain,0,1946
45,male,181.1,67.7,20.64,sedentary,gain,1,2235
30,male,187.1,90.5,25.85,light,lose,1,2247
60,female,161.9,67.9,25.9,sedentary,maintain,0,1477
60,male,173.9,80.6,26.65,active,build_muscle,6,3204
50,male,179.9,70.6,21.81,moderate,lose,3,2106
36,male,182.3,95.2,28.65,sedentary,gain,0,2710
41,female,156.5,60.7,24.78,moderate,lose,4,1558
45,female,164.1,70.7,26.25,sedentary,build_muscle,0,1825
66,female,164.8,57.2,21.06,moderate,lose,4,1434
42,male,173.7,93.2,30.89,light,build_muscle,2,2818
30,female,170.1,77.5,26.79,active,build_muscle,5,3001
18,male,185.3,75.9,22.11,sedentary,maintain,0,2224
65,male,181.5,108.0,32.78,sedentary,build_muscle,1,2515
56,male,180.5,65.0,19.95,sedentary,maintain,1,1829
66,female,173.9,66.9,22.12,light,maintain,3,1795
49,female,159.1,62.6,24.73,light,lose,2,1241
19,male,176.2,79.5,25.61,sedentary,gain,0,2524
56,female,161.3,57.3,22.02,moderate,lose,3,1400
68,female,155.8,54.0,22.25,light,maintain,3,1504
52,female,146.5,55.2,25.72,sedentary,maintain,0,1233
46,female,167.1,60.2,21.56,moderate,build_muscle,4,2338
49,male,169.7,80.7,28.02,light,gain,3,2670
48,female,153.8,57.1,24.14,sedentary,lose,1,1200
67,female,169.1,61.7,21.58,sedentary,lose,1,1200
66,male,186.7,85.2,24.44,sedentary,lose,1,1597
40,female,167.9,65.9,23.38,sedentary,lose,0,1200
25,female,161.6,61.9,23.7,light,maintain,2,1923
35,female,170.8,64.6,22.14,sedentary,lose,1,1231
24,female,165.9,60.3,21.91,light,build_muscle,3,2201
28,female,158.0,56.1,22.47,light,maintain,1,1774
34,female,155.7,98.1,40.47,light,lose,3,1921
63,male,178.0,71.2,22.47,light,lose,3,1714
59,male,176.8,82.9,26.52,light,gain,2,2643
44,male,166.8,86.5,31.09,light,gain,1,2748
54,male,168.3,56.9,20.09,active,build_muscle,5,2764
54,female,162.6,59.2,22.39,sedentary,maintain,0,1444
45,female,171.6,44.6,15.15,active,maintain,5,2166
36,female,159.7,56.3,22.07,moderate,maintain,3,2001
47,female,164.3,42.0,15.56,light,build_muscle,1,1740
35,male,180.0,83.6,25.8,active,gain,4,3573
68,female,161.4,84.6,32.48,sedentary,maintain,0,1633
41,female,156.1,42.8,17.56,light,build_muscle,1,1716
51,male,186.4,67.2,19.34,moderate,maintain,4,2560
33,male,164.8,62.9,23.16,light,build_muscle,3,2371
45,male,184.5,77.2,22.68,sedentary,lose,1,1647
55,female,171.1,67.7,23.13,moderate,lose,5,1709
68,female,167.9,72.6,25.75,moderate,build_muscle,3,2317
65,male,166.0,49.7,18.04,moderate,gain,3,2337
61,female,169.9,78.9,27.33,active,lose,5,2163
37,female,174.0,74.0,24.44,sedentary,lose,0,1371
68,female,158.0,84.6,33.89,active,build_muscle,5,2738
39,female,160.1,42.0,16.39,active,build_muscle,6,2296
56,female,165.6,61.2,22.32,light,gain,1,2000
58,male,165.3,82.5,30.19,sedentary,lose,1,1467
33,male,179.1,42.0,13.09,active,gain,6,2930
68,female,170.1,58.5,20.22,active,lose,4,1644
30,female,150.9,72.1,31.66,light,lose,3,1532
19,male,193.2,66.6,17.84,moderate,maintain,3,2892
21,male,175.1,64.8,21.14,light,lose,2,1900
54,male,185.4,89.9,26.15,light,build_muscle,2,2804
63,male,167.7,85.1,30.26,active,lose,6,2582
42,female,172.4,78.8,26.51,moderate,build_muscle,4,2703
44,male,170.9,76.8,26.3,very_active,lose,6,2832
41,male,166.0,66.7,24.21,sedentary,maintain,1,1875
63,male,174.7,65.9,21.59,moderate,lose,5,1983
21,male,173.1,84.3,28.13,active,build_muscle,6,3654
18,male,173.8,75.6,25.03,light,lose,2,2085
53,male,180.9,78.1,23.87,sedentary,maintain,1,2030
63,female,160.4,57.0,22.15,sedentary,lose,0,1200
35,female,162.8,42.0,15.85,light,build_muscle,3,1908
45,female,149.0,70.5,31.76,very_active,gain,5,2881
21,female,163.9,66.4,24.72,sedentary,maintain,0,1697
20,female,155.8,42.0,17.3,moderate,maintain,3,1898
25,male,172.8,83.1,27.83,light,build_muscle,3,2790
55,male,175.6,77.2,25.04,moderate,lose,3,2134
67,male,172.4,76.1,25.6,light,lose,3,1754
38,male,181.4,79.0,24.01,active,gain,5,3536
56,female,159.6,54.8,21.51,sedentary,maintain,1,1335
31,male,187.6,91.3,25.94,light,gain,3,3069
53,male,183.5,72.2,21.44,light,lose,2,1890
42,male,184.3,78.0,22.96,moderate,gain,3,3103
49,female,166.6,46.0,16.57,active,build_muscle,6,2384
50,female,170.6,66.7,22.92,light,lose,3,1509
23,female,163.5,42.9,16.05,moderate,maintain,4,1996
61,female,167.6,65.7,23.39,sedentary,maintain,0,1539
47,female,148.9,72.2,32.56,light,lose,1,1301
51,male,169.8,60.9,21.12,moderate,build_muscle,5,2646
50,male,172.8,78.6,26.32,moderate,maintain,4,2624
25,male,184.4,75.1,22.09,moderate,build_muscle,3,3080
44,male,180.8,68.4,20.92,moderate,maintain,5,2593
29,female,166.9,64.1,23.01,very_active,lose,7,2427
45,male,175.2,75.7,24.66,sedentary,lose,1,1509
37,female,164.8,42.0,15.46,light,gain,3,1909
37,female,166.2,66.1,23.93,sedentary,build_muscle,0,1890
59,male,171.8,77.3,26.19,active,maintain,4,2893
67,female,155.3,65.8,27.28,sedentary,lose,0,1200
48,female,155.4,74.9,31.02,sedentary,lose,1,1200
39,male,187.3,76.9,21.92,moderate,build_muscle,4,3098
20,female,153.6,50.3,21.32,moderate,maintain,5,2041
32,female,161.1,49.9,19.23,light,lose,1,1209
25,female,173.1,42.0,14.02,light,gain,1,2060
36,male,174.7,61.5,20.15,light,maintain,3,2238
26,female,159.6,76.1,29.88,light,maintain,3,2085
68,female,144.7,68.1,32.52,sedentary,lose,0,1200
28,male,172.4,71.3,23.99,light,build_muscle,2,2586
31,male,147.5,58.7,26.98,light,lose,3,1559
22,male,188.6,72.7,20.44,sedentary,maintain,1,2211
39,female,165.6,44.6,16.26,moderate,maintain,3,1892
63,male,163.0,105.9,39.86,moderate,build_muscle,3,3121
68,male,165.3,61.5,22.51,active,build_muscle,4,2634
31,male,175.8,82.4,26.66,light,maintain,3,2532
64,female,165.8,58.4,21.24,light,build_muscle,1,1873
67,female,156.9,64.0,26.0,active,lose,6,1674
23,male,174.7,96.5,31.62,light,maintain,1,2746
68,female,172.5,65.7,22.08,light,maintain,2,1829
19,female,151.8,69.7,30.25,moderate,maintain,3,2285
45,male,179.5,96.3,29.89,moderate,maintain,5,3088
58,male,190.2,73.1,20.21,active,build_muscle,5,3202
64,female,169.1,61.9,21.65,sedentary,lose,0,1200
46,female,153.9,44.9,18.96,moderate,maintain,4,1697
67,female,149.2,66.0,29.65,sedentary,lose,0,1200
31,female,170.4,70.7,24.35,light,gain,1,2460
33,female,165.2,67.6,24.77,light,maintain,3,1980
41,male,175.4,91.4,29.71,sedentary,gain,0,2479
47,male,179.3,70.9,22.05,moderate,maintain,5,2676
40,male,172.4,94.4,31.76,active,maintain,4,3281
24,male,166.6,67.9,24.46,active,lose,4,2500
63,male,168.6,82.0,28.85,sedentary,maintain,0,1839
61,female,164.1,48.5,18.01,light,lose,2,1200
58,female,156.3,68.5,28.04,active,maintain,5,2273
49,male,172.0,74.3,25.11,moderate,build_muscle,3,2783
47,male,162.9,79.6,30.0,active,lose,4,2394
41,male,171.1,72.6,24.8,sedentary,lose,1,1495
36,female,150.7,64.7,28.49,sedentary,maintain,0,1525
31,female,160.7,70.4,27.26,sedentary,maintain,0,1723
44,male,169.2,77.3,27.0,light,lose,2,1786
66,male,178.0,87.9,27.74,moderate,gain,3,3076
23,female,166.2,47.5,17.2,light,lose,2,1316
65,female,164.8,62.2,22.9,sedentary,lose,1,1200
59,male,171.1,72.9,24.9,moderate,maintain,3,2484
50,female,160.7,67.4,26.1,active,lose,4,1866
68,female,166.6,82.9,29.87,active,maintain,4,2519
55,female,154.0,84.0,35.42,sedentary,maintain,1,1694
51,male,173.5,85.1,28.27,sedentary,lose,0,1568
27,male,181.0,71.4,21.79,sedentary,maintain,1,2127
19,male,174.5,65.4,21.48,sedentary,lose,1,1566
21,male,195.0,82.4,21.67,moderate,maintain,5,3242
25,female,162.3,72.6,27.56,moderate,lose,3,1888
35,male,179.2,59.7,18.59,sedentary,gain,0,2191
54,female,160.6,65.5,25.4,moderate,lose,3,1487
52,male,192.6,107.7,29.03,moderate,lose,4,2804
59,female,163.2,62.9,23.62,active,maintain,6,2268
58,female,173.6,67.9,22.53,light,lose,3,1526
37,male,186.5,86.8,24.96,active,gain,5,3740
61,female,159.7,77.7,30.47,very_active,gain,6,3031
60,male,183.3,74.7,22.23,light,maintain,1,2248
56,male,173.8,48.3,15.99,moderate,maintain,5,2192
66,female,160.7,65.8,25.48,active,gain,6,2645
61,female,165.6,84.0,30.63,light,maintain,2,2073
67,male,184.7,42.0,12.31,sedentary,lose,0,1200
66,male,177.9,70.3,22.21,light,lose,3,1781
63,female,166.5,93.3,33.66,very_active,lose,6,2651
18,male,168.9,84.0,29.45,light,build_muscle,3,2906
28,female,153.3,57.8,24.59,moderate,gain,5,2460
26,male,185.5,75.0,21.8,sedentary,maintain,1,2222
61,male,196.9,81.0,20.89,moderate,maintain,5,2837
59,female,160.2,55.6,21.66,active,lose,5,1580
25,female,159.7,51.8,20.31,light,gain,3,2151
52,female,168.6,61.9,21.78,sedentary,lose,0,1200
62,male,173.2,78.4,26.13,sedentary,lose,1,1504
48,male,180.3,73.4,22.58,moderate,build_muscle,4,2913
24,male,156.1,81.4,33.41,active,build_muscle,6,3372
66,female,146.9,72.9,33.78,sedentary,build_muscle,0,1659
38,female,171.3,52.2,17.79,moderate,lose,4,1660
22,female,166.2,66.0,23.89,sedentary,build_muscle,1,2005
57,male,176.1,66.5,21.44,moderate,gain,3,2720
57,female,165.3,55.7,20.38,active,gain,5,2477
55,female,164.2,67.8,25.15,moderate,lose,3,1636
40,female,160.9,47.5,18.35,light,lose,1,1200
26,male,172.8,88.9,29.77,very_active,gain,6,4026
27,male,171.0,58.6,20.04,light,build_muscle,3,2461
21,male,177.2,100.0,31.85,moderate,lose,4,2809
68,male,181.0,83.7,25.55,light,gain,2,2675
55,female,157.2,59.0,23.88,light,lose,1,1200
49,male,180.0,76.2,23.52,sedentary,lose,0,1529
48,male,174.1,44.0,14.52,light,gain,1,2110
41,male,184.8,88.2,25.83,moderate,lose,4,2539
58,male,164.3,64.6,23.93,sedentary,lose,0,1210
64,female,167.8,72.8,25.86,sedentary,lose,0,1200
24,female,173.4,65.2,21.68,light,gain,1,2373
33,female,167.1,55.7,19.95,sedentary,maintain,1,1590
25,male,187.2,99.3,28.34,moderate,lose,4,2846
58,female,157.2,63.1,25.53,moderate,lose,5,1538
68,female,166.1,69.7,25.26,moderate,lose,3,1623
31,female,148.2,60.3,27.45,moderate,maintain,3,1925
66,female,171.6,50.6,17.18,light,maintain,1,1516
63,female,169.1,75.0,26.23,moderate,maintain,5,2227
31,male,177.0,84.6,27.0,active,lose,5,2804
41,male,179.5,75.8,23.53,moderate,lose,5,2344
32,female,156.2,56.8,23.28,moderate,maintain,4,2006
38,female,165.8,62.6,22.77,light,lose,1,1396
23,female,160.7,75.5,29.24,light,lose,2,1674
41,male,174.4,84.4,27.75,sedentary,lose,1,1671
30,female,156.2,42.0,17.21,very_active,gain,7,2631
36,female,161.5,71.4,27.37,light,maintain,3,1951
48,male,162.3,43.7,16.59,very_active,build_muscle,5,2745
32,female,174.5,43.8,14.38,moderate,gain,4,2356
68,female,174.6,73.9,24.24,light,build_muscle,2,2157
41,male,184.5,93.0,27.32,light,gain,2,3064
39,female,164.1,74.4,27.63,moderate,gain,5,2686
54,male,174.3,82.5,27.16,sedentary,build_muscle,1,2187
42,female,165.0,73.5,27.0,light,lose,1,1461
23,female,178.7,70.8,22.17,sedentary,build_muscle,1,2190
29,male,181.5,103.2,31.33,light,lose,2,2399
41,male,173.4,68.1,22.65,active,maintain,4,2837
26,male,167.1,72.6,26.0,sedentary,build_muscle,0,2241
63,female,166.5,59.7,21.54,moderate,lose,3,1438
35,female,169.4,95.3,33.21,light,build_muscle,3,2674
47,female,155.0,60.0,24.97,sedentary,maintain,1,1445
62,female,169.8,46.7,16.2,light,build_muscle,1,1720
47,female,165.2,50.9,18.65,moderate,lose,5,1535
33,male,179.5,71.0,22.04,active,maintain,6,3141
49,male,169.8,57.3,19.87,sedentary,lose,0,1254
44,female,157.9,65.5,26.27,light,maintain,1,1735
42,female,155.0,56.8,23.64,sedentary,lose,1,1200
63,male,182.2,70.2,21.15,moderate,maintain,3,2522
26,female,168.1,54.2,19.18,sedentary,build_muscle,0,1817
36,male,185.4,91.0,26.47,sedentary,gain,0,2614
29,female,159.4,63.6,25.03,moderate,lose,5,1790
58,male,180.3,58.8,18.09,moderate,build_muscle,4,2592
21,male,167.9,79.1,28.06,active,lose,4,2633
23,male,177.9,76.3,24.11,sedentary,build_muscle,0,2381
64,male,192.3,82.7,22.36,sedentary,lose,0,1638
52,male,169.3,84.4,29.45,sedentary,lose,1,1578
18,female,169.3,53.6,18.7,sedentary,build_muscle,1,1922
22,male,182.2,67.2,20.24,moderate,maintain,3,2734
34,male,162.2,93.0,35.35,very_active,gain,7,3963
39,male,182.1,95.6,28.83,moderate,build_muscle,5,3345
42,female,163.7,44.9,16.76,light,gain,1,1895
19,male,163.3,57.5,21.56,light,gain,1,2446
49,female,161.3,61.2,23.52,sedentary,lose,1,1200
26,female,161.2,78.6,30.25,moderate,maintain,4,2452
32,male,170.7,82.7,28.38,sedentary,maintain,0,2061
56,male,182.8,64.7,19.36,sedentary,maintain,0,1827
21,male,173.8,71.2,23.57,sedentary,lose,0,1573
50,male,187.3,85.9,24.49,light,gain,1,2796
36,female,167.4,42.0,14.99,sedentary,build_muscle,1,1593
41,male,172.1,80.7,27.25,light,maintain,3,2400
19,female,164.7,63.9,23.56,sedentary,build_muscle,1,1943
53,male,175.1,66.1,21.56,light,maintain,2,2089
26,female,159.9,61.4,24.01,active,lose,6,2019
49,female,157.0,69.4,28.16,light,gain,2,2115
44,male,176.8,106.5,34.07,sedentary,build_muscle,0,2524
66,male,170.3,79.9,27.55,active,gain,6,3201
62,female,153.4,73.1,31.06,light,lose,2,1308
41,male,167.8,61.7,21.91,moderate,maintain,4,2346
34,male,164.2,76.3,28.3,moderate,lose,3,2219
59,male,174.1,63.6,20.98,moderate,build_muscle,3,2555
28,female,162.5,67.0,25.37,light,build_muscle,3,2235
55,female,160.4,73.6,28.61,active,gain,4,2772
27,female,168.8,62.1,21.79,moderate,gain,3,2618
49,male,179.0,76.0,23.72,moderate,maintain,5,2706
41,male,184.2,78.7,23.2,light,maintain,1,2442
54,female,164.8,56.5,20.8,sedentary,lose,0,1200
46,female,178.1,52.2,16.46,active,lose,5,1836
42,male,178.1,79.3,25.0,sedentary,lose,1,1619
35,male,172.7,76.0,25.48,moderate,build_muscle,3,2938
51,male,178.0,63.8,20.14,light,build_muscle,2,2419
56,female,159.7,53.4,20.94,active,build_muscle,4,2287
60,female,155.3,72.0,29.85,very_active,build_muscle,5,2832
64,female,163.3,75.8,28.42,sedentary,lose,1,1200
41,male,164.4,81.9,30.3,active,maintain,6,3089
19,female,181.9,48.1,14.54,very_active,gain,7,3130
32,female,157.5,56.1,22.62,moderate,lose,4,1665
60,female,156.8,77.9,31.68,moderate,lose,3,1607
51,male,186.0,60.0,17.34,moderate,lose,4,2043
28,female,157.3,84.8,34.27,light,maintain,1,2086
28,male,176.2,56.9,18.33,sedentary,maintain,0,1885
67,female,176.6,59.7,19.14,moderate,build_muscle,5,2347
60,male,182.5,88.1,26.45,moderate,lose,5,2389
59,male,180.9,60.2,18.4,moderate,gain,5,2825
32,female,163.6,68.4,25.56,sedentary,lose,0,1212
26,female,159.5,79.5,31.25,moderate,lose,3,1912
42,male,183.0,74.6,22.28,light,gain,1,2654
24,male,174.7,63.2,20.71,light,lose,2,1859
49,male,174.1,69.4,22.9,light,gain,3,2605
35,male,177.5,96.4,30.6,light,build_muscle,2,2936
63,female,165.4,62.2,22.74,active,lose,6,1809
62,male,188.6,73.4,20.64,moderate,build_muscle,5,2838
37,female,173.2,61.4,20.47,active,build_muscle,6,2761
40,female,167.6,63.5,22.61,light,lose,3,1437
62,male,181.0,65.8,20.08,sedentary,gain,0,2163
59,female,154.1,66.1,27.84,moderate,lose,3,1482
31,male,177.8,67.9,21.48,moderate,lose,5,2317
42,male,184.4,89.1,26.2,active,build_muscle,4,3550
48,female,164.0,66.3,24.65,very_active,gain,7,3022
33,female,164.6,71.0,26.21,light,gain,1,2333
67,female,158.5,44.7,17.79,moderate,gain,5,1948
41,female,169.7,68.5,23.79,sedentary,maintain,0,1657
55,male,166.6,68.5,24.68,light,gain,3,2474
37,female,170.3,58.5,20.17,sedentary,build_muscle,0,1807
62,female,171.9,64.7,21.9,light,build_muscle,2,2101
66,male,182.0,76.6,23.13,active,lose,6,2392
18,male,162.5,68.1,25.79,sedentary,lose,0,1475
66,female,160.5,93.0,36.1,light,lose,3,1659
45,male,187.6,73.3,20.83,sedentary,lose,1,1587
62,female,156.6,53.7,21.9,very_active,maintain,7,2301
62,male,188.0,90.0,25.46,sedentary,lose,1,1724
56,male,171.6,59.5,20.21,light,gain,2,2320
53,male,175.8,88.7,28.7,active,maintain,4,3166
52,male,171.9,81.2,27.48,light,maintain,3,2395
63,male,167.9,89.7,31.82,active,maintain,5,3011
42,female,157.5,77.8,31.36,sedentary,lose,0,1227
22,female,161.6,67.2,25.73,active,gain,4,2941
24,male,171.8,51.5,17.45,light,lose,1,1676
51,male,175.1,65.0,21.2,active,maintain,6,2761
53,female,170.4,62.3,21.46,sedentary,lose,1,1200
40,male,180.2,57.6,17.74,moderate,maintain,4,2458
61,male,176.6,68.5,21.96,sedentary,lose,1,1370
64,male,171.1,66.4,22.68,moderate,gain,4,2683
47,female,158.7,54.2,21.52,light,build_muscle,1,1849
58,female,173.7,42.2,13.99,light,lose,1,1200
23,male,173.6,78.3,25.98,moderate,maintain,4,2875
45,male,167.8,48.9,17.37,sedentary,maintain,0,1541
63,male,182.2,61.7,18.59,light,build_muscle,3,2363
56,male,171.4,78.5,26.72,active,gain,4,3233
50,male,182.8,73.5,22.0,light,lose,1,1839
61,female,163.0,76.7,28.87,moderate,lose,4,1708
65,male,176.7,67.2,21.52,active,build_muscle,6,2947
47,male,188.1,60.2,17.01,sedentary,lose,1,1427
40,male,182.6,82.4,24.71,light,lose,2,2040
23,male,159.2,70.9,27.97,light,build_muscle,1,2505
48,male,185.7,67.3,19.52,light,lose,2,1836
46,male,171.2,64.4,21.97,sedentary,gain,0,2092
25,male,188.5,77.4,21.78,light,gain,1,2913
60,male,178.9,90.1,28.15,moderate,lose,4,2322
38,male,176.6,76.2,24.43,light,gain,3,2705
26,female,165.6,66.3,24.18,sedentary,lose,0,1241
45,female,157.9,80.8,32.41,light,lose,2,1549
66,male,166.0,83.8,30.41,moderate,lose,4,2101
60,male,160.1,79.7,31.09,moderate,build_muscle,5,2733
30,male,186.7,75.2,21.57,moderate,lose,3,2382
27,male,179.7,59.9,18.55,sedentary,lose,1,1517
62,female,159.6,57.1,22.42,light,maintain,3,1604
35,male,177.2,55.6,17.71,moderate,lose,3,2033
20,male,187.8,76.1,21.58,light,lose,2,2163
34,male,174.0,87.7,28.97,light,lose,1,2049
39,male,166.7,94.2,33.9,moderate,maintain,5,2920
55,male,184.4,55.7,16.38,sedentary,gain,0,2126
55,male,192.3,70.7,19.12,active,lose,5,2564
37,female,161.8,57.9,22.12,sedentary,gain,0,1739
30,male,165.0,86.1,31.63,active,gain,6,3647
58,female,160.7,58.1,22.5,sedentary,maintain,0,1286
56,male,172.8,109.6,36.7,light,build_muscle,1,2914
49,female,152.6,54.1,23.23,very_active,lose,7,1799
53,female,164.3,52.1,19.3,light,lose,1,1200
68,male,171.3,60.7,20.69,moderate,lose,3,1733
63,female,162.6,68.5,25.91,sedentary,maintain,1,1525
26,female,164.0,60.5,22.49,moderate,lose,3,1792
18,male,169.3,61.2,21.35,very_active,lose,7,2827
44,male,171.8,84.7,28.7,very_active,maintain,5,3398
32,female,162.3,54.2,20.58,light,lose,3,1414
64,male,174.2,75.7,24.95,moderate,build_muscle,5,2763
46,male,177.2,86.1,27.42,moderate,build_muscle,4,3107
41,female,167.2,70.5,25.22,light,maintain,1,1970
54,male,163.1,77.3,29.06,moderate,lose,3,2071
22,male,166.3,84.5,30.55,light,maintain,2,2546
64,male,163.3,72.5,27.19,active,maintain,5,2630
66,male,178.6,90.7,28.43,sedentary,gain,1,2351
58,male,164.5,62.5,23.1,sedentary,gain,1,2036
48,male,173.3,77.7,25.87,active,lose,5,2455
33,male,187.5,82.9,23.58,moderate,lose,3,2532
27,female,166.5,70.8,25.54,sedentary,lose,1,1328
32,female,172.4,55.1,18.54,moderate,gain,3,2375
24,male,177.3,86.2,27.42,sedentary,lose,1,1803
20,male,172.0,71.0,24.0,light,maintain,3,2363
57,female,169.7,67.2,23.33,sedentary,build_muscle,1,1799
63,female,166.7,44.5,16.01,active,build_muscle,6,2216
64,female,166.2,71.7,25.96,active,lose,5,1832
27,female,182.1,82.2,24.79,sedentary,lose,1,1542
56,female,163.3,65.7,24.64,active,gain,4,2593
44,female,154.7,58.8,24.57,light,maintain,1,1615
51,female,169.1,48.1,16.82,moderate,gain,3,2169
18,female,166.9,83.5,29.98,light,maintain,1,2283
41,female,161.8,75.8,28.95,active,lose,4,2053
33,female,164.2,70.6,26.19,moderate,lose,5,1895
62,male,168.5,88.2,31.06,moderate,gain,3,2974
56,female,164.2,61.0,22.62,light,lose,1,1294
27,female,164.0,64.2,23.87,sedentary,maintain,1,1641
44,female,161.7,51.3,19.62,moderate,lose,3,1466
56,male,189.7,76.1,21.15,sedentary,build_muscle,1,2250
54,female,152.0,62.8,27.18,light,lose,1,1200
65,male,173.0,80.3,26.83,sedentary,lose,0,1474
48,female,159.1,77.5,30.62,active,lose,5,2072
24,male,171.8,91.6,31.03,active,lose,5,2981
52,male,180.3,81.6,25.1,sedentary,build_muscle,0,2228
33,male,172.4,71.7,24.12,moderate,maintain,4,2769
21,male,168.4,104.6,36.88,sedentary,lose,1,2023
66,female,160.9,55.0,21.24,sedentary,gain,1,1683
65,female,154.7,62.7,26.2,moderate,lose,4,1337
36,male,178.3,86.4,27.18,sedentary,maintain,0,2209
61,male,168.2,57.7,20.4,sedentary,build_muscle,1,1861
41,female,164.2,44.4,16.47,sedentary,gain,1,1652
31,male,186.9,75.7,21.67,very_active,maintain,6,3588
53,female,163.7,76.2,28.44,active,maintain,5,2473
28,female,166.8,60.4,21.71,light,lose,1,1485
34,female,167.8,93.4,33.17,moderate,maintain,3,2657
54,male,168.4,76.9,27.12,light,maintain,3,2261
50,female,161.2,78.2,30.09,light,gain,3,2279
34,female,178.5,42.0,13.18,sedentary,build_muscle,0,1694
27,male,170.0,82.5,28.55,sedentary,lose,0,1636
42,male,184.4,62.3,18.32,light,maintain,3,2296
29,male,170.7,72.7,24.95,active,gain,4,3265
39,female,168.9,67.0,23.49,moderate,lose,5,1820
52,male,177.0,84.2,26.88,moderate,lose,3,2312
21,female,169.1,58.9,20.6,light,maintain,1,1934
35,female,164.5,62.9,23.24,sedentary,lose,0,1200
63,female,156.0,66.4,27.28,sedentary,build_muscle,0,1653
39,female,160.3,72.0,28.02,sedentary,build_muscle,1,1917
52,female,161.4,57.0,21.88,moderate,lose,5,1461
22,male,169.6,73.1,25.41,sedentary,gain,1,2363
27,male,190.8,57.7,15.85,light,lose,3,1874
46,male,181.4,100.0,30.39,moderate,maintain,5,3109
20,male,180.4,111.4,34.23,light,maintain,1,2967
30,male,172.7,92.8,31.11,sedentary,build_muscle,0,2477
37,female,148.9,62.7,28.28,moderate,maintain,4,1990
51,female,166.4,72.8,26.29,active,maintain,5,2502
53,male,167.7,66.9,23.79,light,build_muscle,3,2337
23,male,165.7,78.1,28.45,moderate,maintain,4,2770
49,male,176.0,57.8,18.66,light,maintain,3,2074
44,female,162.1,67.5,25.69,moderate,lose,4,1775
40,male,193.4,70.2,18.77,light,build_muscle,3,2722
68,female,156.1,64.5,26.47,active,lose,5,1685
18,male,182.7,68.1,20.4,sedentary,lose,1,1693
39,female,155.9,69.9,28.76,light,maintain,2,1921
57,male,166.7,56.8,20.44,active,maintain,4,2466
43,male,173.0,88.9,29.7,light,lose,1,1981
58,male,168.9,70.0,24.54,moderate,build_muscle,5,2721
23,male,181.9,78.0,23.57,moderate,lose,5,2527
54,male,166.3,90.4,32.69,sedentary,maintain,1,2069
37,male,186.7,84.6,24.27,moderate,build_muscle,4,3294
60,female,165.8,64.5,23.46,sedentary,lose,0,1200
24,male,187.8,82.4,23.36,sedentary,lose,1,1866
43,male,187.5,89.7,25.51,light,maintain,3,2708
38,female,167.9,55.0,19.51,sedentary,lose,0,1200
25,male,201.2,69.8,17.24,light,maintain,3,2671
25,female,163.3,63.9,23.96,sedentary,maintain,0,1656
41,male,180.2,82.0,25.25,light,lose,3,2050
48,female,159.6,64.5,25.32,moderate,gain,4,2429
45,female,155.9,62.1,25.55,sedentary,lose,1,1200
28,female,162.2,70.5,26.8,light,build_muscle,2,2186
38,female,156.1,52.5,21.55,light,maintain,2,1703
28,female,155.3,84.3,34.95,light,maintain,3,2128
43,female,167.3,64.3,22.97,light,gain,2,2226
41,female,167.9,68.9,24.44,sedentary,gain,1,2056
47,male,169.6,71.3,24.79,sedentary,lose,1,1402
53,male,170.2,72.9,25.17,active,build_muscle,4,3081
61,female,163.2,53.4,20.05,light,lose,2,1200
25,female,163.2,67.8,25.46,light,lose,3,1612
36,male,189.9,78.5,21.77,moderate,lose,4,2461
20,female,176.1,82.5,26.6,sedentary,maintain,0,1950
24,female,166.5,53.0,19.12,light,lose,2,1357
49,female,168.2,54.6,19.3,moderate,maintain,5,1999
41,male,179.4,73.7,22.9,sedentary,build_muscle,0,2264
32,female,166.8,66.4,23.87,active,lose,6,2170
62,male,180.2,68.6,21.13,moderate,lose,4,2054
35,female,165.8,55.1,20.04,moderate,lose,4,1554
66,male,162.5,63.2,23.93,active,maintain,6,2522
60,female,169.0,54.1,18.94,moderate,maintain,3,1868
67,female,162.2,67.4,25.62,moderate,build_muscle,5,2231
22,male,163.4,80.5,30.15,sedentary,lose,1,1648
49,male,180.3,81.4,25.04,moderate,maintain,4,2778
59,female,157.0,70.4,28.56,active,lose,5,1880
46,female,168.7,53.3,18.73,moderate,lose,4,1497
27,male,181.7,70.0,21.2,sedentary,lose,1,1636
35,male,187.6,79.4,22.56,light,lose,3,2157
43,male,180.3,60.5,18.61,sedentary,lose,0,1376
59,male,162.4,96.1,36.44,sedentary,lose,0,1538
51,female,158.2,47.8,19.1,moderate,build_muscle,3,2005
21,male,184.3,65.6,19.31,sedentary,maintain,1,2092
43,female,172.6,56.9,19.1,active,gain,5,2734
28,male,177.6,64.3,20.39,light,maintain,3,2352
65,female,163.1,54.8,20.6,sedentary,lose,0,1200
29,male,171.6,88.5,30.05,very_active,gain,6,4002
22,female,166.8,71.9,25.84,sedentary,lose,1,1426
49,male,182.3,65.5,19.71,sedentary,lose,1,1472
66,male,167.6,79.5,28.3,light,gain,2,2519
65,female,157.8,74.1,29.76,moderate,lose,4,1646
51,female,163.6,66.3,24.77,active,maintain,4,2262
61,female,153.1,61.1,26.07,sedentary,maintain,0,1312
19,female,159.7,63.6,24.94,very_active,lose,7,2471
30,male,182.8,69.9,20.92,sedentary,lose,1,1692
34,male,174.7,86.2,28.24,light,maintain,2,2512
30,female,171.2,66.4,22.65,light,maintain,2,2039
36,female,154.3,64.1,26.92,active,lose,6,1944
51,male,186.9,72.2,20.67,moderate,lose,4,2259
20,female,165.3,67.2,24.59,sedentary,maintain,0,1797
40,female,162.9,62.7,23.63,light,lose,2,1395
23,male,166.8,74.3,26.71,moderate,maintain,3,2683
32,female,178.9,68.1,21.28,sedentary,gain,1,2078
34,male,185.8,91.4,26.48,sedentary,maintain,1,2305
61,male,176.7,66.2,21.2,light,lose,2,1675
52,female,167.6,70.8,25.2,active,lose,6,2118
62,female,156.7,86.7,35.31,moderate,maintain,4,2184
19,female,166.7,65.2,23.46,moderate,lose,3,1879
68,female,163.4,76.2,28.54,sedentary,maintain,1,1638
43,male,181.1,69.0,21.04,moderate,maintain,3,2569
21,male,173.0,113.7,37.99,sedentary,maintain,1,2528
25,male,171.1,74.8,25.55,moderate,lose,3,2234
53,male,175.4,60.8,19.76,sedentary,gain,0,2074
49,male,182.6,69.8,20.93,sedentary,lose,0,1453
33,male,178.6,90.1,28.25,active,maintain,4,3370
29,female,160.4,72.0,27.98,light,build_muscle,3,2242
60,female,157.5,55.1,22.21,moderate,lose,5,1379
48,male,171.9,65.3,22.1,sedentary,maintain,1,1829
43,female,153.5,76.0,32.25,light,build_muscle,1,2170
18,female,164.4,60.5,22.38,moderate,gain,4,2627
40,male,184.7,72.6,21.28,moderate,lose,3,2224
40,male,188.3,89.0,25.1,light,lose,1,2134
59,female,161.8,53.2,20.32,moderate,gain,4,2186
22,female,153.0,76.7,32.77,light,maintain,3,2077
54,male,173.5,61.1,20.3,moderate,lose,5,1903
55,female,178.6,54.7,17.15,sedentary,build_muscle,0,1699
24,male,171.2,62.8,21.43,moderate,lose,3,2172
24,male,174.3,82.5,27.16,active,gain,5,3616
21,male,173.0,71.9,24.02,active,lose,5,2605
38,male,166.5,87.1,31.42,sedentary,maintain,0,2096
34,male,164.0,77.1,28.67,sedentary,gain,1,2367
23,male,162.6,60.1,22.73,moderate,lose,3,1967
41,male,177.6,59.3,18.8,active,lose,6,2343
30,female,147.7,70.1,32.13,light,lose,3,1421
22,male,165.6,82.8,30.19,active,maintain,4,3179
49,male,169.4,78.1,27.22,light,lose,2,1867
42,female,162.2,59.0,22.43,active,build_muscle,4,2491
43,female,161.9,52.8,20.14,active,maintain,5,2153
20,male,172.7,84.6,28.37,light,gain,1,2920
66,female,175.4,51.3,16.67,sedentary,lose,0,1200
22,female,172.0,58.4,19.74,moderate,lose,5,1858
24,male,176.6,91.1,29.21,moderate,maintain,4,3094
19,male,177.7,74.7,23.66,moderate,lose,5,2499
53,male,166.7,63.2,22.74,light,lose,3,1603
53,female,167.9,72.0,25.54,active,build_muscle,5,2723
33,male,181.9,78.0,23.57,sedentary,gain,0,2505
64,male,176.0,80.4,25.96,sedentary,maintain,1,1973
36,male,178.0,85.0,26.83,moderate,gain,3,3251
52,female,166.0,79.5,28.85,active,build_muscle,4,2797
67,female,165.1,42.0,15.41,sedentary,build_muscle,1,1410
21,male,171.3,87.0,29.65,very_active,maintain,5,3678
37,male,180.2,75.5,23.25,light,build_muscle,1,2600
33,male,172.3,58.1,19.57,light,lose,2,1694
37,female,158.2,65.2,26.05,light,maintain,2,1837
42,male,174.2,78.6,25.9,sedentary,lose,1,1538
52,male,173.6,78.5,26.05,active,gain,5,3229
66,female,153.1,53.0,22.61,light,build_muscle,2,1730
24,male,165.6,45.7,16.66,active,lose,6,2107
45,female,154.9,56.7,23.63,light,lose,2,1200
26,male,181.1,84.8,25.86,moderate,lose,3,2514
39,female,161.2,61.7,23.74,light,lose,2,1377
25,male,161.7,69.3,26.5,active,build_muscle,5,3205
19,female,155.7,67.5,27.84,very_active,maintain,7,2892
35,male,178.7,89.1,27.9,very_active,maintain,6,3675
34,female,165.5,58.8,21.47,moderate,lose,5,1712
29,male,171.2,65.7,22.42,moderate,lose,5,2121
21,male,199.7,63.9,16.02,very_active,lose,6,3145
40,male,175.4,88.0,28.6,sedentary,lose,0,1714
54,female,154.0,77.8,32.8,light,maintain,2,1890
39,female,167.9,86.2,30.58,light,build_muscle,2,2447
28,male,171.5,83.9,28.53,sedentary,maintain,0,2082
31,female,155.0,52.5,21.85,moderate,lose,5,1582
22,male,200.1,65.6,16.38,moderate,build_muscle,5,3183
51,male,173.5,81.3,27.01,moderate,maintain,4,2648
30,female,166.0,55.1,20.0,sedentary,lose,1,1200
62,male,182.9,77.2,23.08,active,lose,5,2559
41,male,169.8,61.4,21.3,light,maintain,3,2182
67,male,155.2,92.4,38.36,moderate,maintain,4,2536
38,female,168.3,70.6,24.93,light,lose,2,1514
47,male,165.8,82.6,30.05,light,maintain,2,2316
26,male,186.3,58.0,16.71,sedentary,lose,0,1541
45,female,173.4,56.2,18.69,moderate,gain,3,2436
39,female,154.9,54.7,22.8,very_active,lose,7,2073
58,female,154.8,43.2,18.03,light,maintain,1,1360
64,male,177.8,47.2,14.93,active,lose,4,1850
42,female,159.3,60.1,23.68,moderate,lose,3,1574
37,male,173.5,76.2,25.31,light,maintain,3,2417
42,female,156.9,60.1,24.41,sedentary,build_muscle,0,1723
51,female,160.5,85.3,33.11,light,lose,1,1586
32,female,166.8,69.8,25.09,active,build_muscle,4,2820
60,male,175.4,81.7,26.56,moderate,maintain,3,2688
18,male,179.0,51.9,16.2,light,lose,3,1795
64,female,159.6,64.9,25.48,light,build_muscle,3,1939
45,female,150.0,58.3,25.91,sedentary,lose,0,1200
23,female,162.8,55.2,20.83,sedentary,lose,1,1200
63,male,187.1,65.6,18.74,sedentary,lose,1,1335
53,male,167.3,53.4,19.08,sedentary,maintain,0,1585
61,male,186.6,80.9,23.23,light,lose,2,1961
26,female,167.5,84.3,30.05,very_active,build_muscle,7,3541
53,female,170.3,49.7,17.14,sedentary,gain,1,1712
58,male,170.3,89.0,30.69,very_active,build_muscle,5,3634
68,female,155.7,52.8,21.78,light,lose,1,1200
66,male,176.7,62.5,20.02,light,lose,2,1580
60,female,168.2,75.9,26.83,moderate,gain,4,2617
56,female,158.6,67.2,26.72,light,maintain,2,1806
61,female,167.5,58.5,20.85,light,lose,1,1220
49,female,162.1,53.1,20.21,active,lose,5,1701
67,male,192.1,53.7,14.55,moderate,lose,5,1847
64,male,183.7,77.7,23.03,moderate,lose,4,2190
51,male,165.9,80.0,29.07,very_active,build_muscle,6,3517
36,male,181.6,48.9,14.83,light,lose,3,1647
66,male,177.3,81.6,25.96,light,maintain,1,2228
37,female,172.8,65.4,21.9,moderate,lose,5,1920
26,female,171.6,72.4,24.59,active,lose,6,2292
19,female,176.1,64.9,20.93,moderate,lose,5,2010
68,female,159.3,57.1,22.5,sedentary,lose,0,1200
34,male,186.3,72.7,20.95,light,maintain,1,2453
36,female,161.1,74.4,28.67,sedentary,lose,1,1253
41,female,163.9,45.6,16.97,light,maintain,1,1547
48,female,166.1,48.4,17.54,light,build_muscle,1,1807
53,male,183.8,98.7,29.22,light,lose,1,2109
21,male,184.7,77.1,22.6,light,lose,1,2068
38,male,172.0,59.7,20.18,active,lose,4,2257
38,female,150.5,70.8,31.26,light,maintain,3,1883
24,male,173.1,78.4,26.17,sedentary,lose,0,1670
20,male,183.4,87.4,25.98,moderate,maintain,3,3062
43,female,166.5,63.3,22.83,very_active,gain,7,3056
54,female,169.1,59.4,20.77,light,lose,3,1317
51,female,156.7,55.4,22.56,sedentary,lose,0,1200
18,female,172.5,60.1,20.2,light,build_muscle,1,2269
62,female,167.1,78.6,28.15,light,lose,1,1421
40,male,168.4,58.4,20.59,light,lose,1,1512
36,female,169.1,43.0,15.04,moderate,lose,5,1510
22,male,157.4,70.9,28.62,sedentary,lose,0,1446
51,male,164.4,64.4,23.83,light,gain,3,2337
31,female,151.8,72.5,31.46,very_active,lose,7,2428
27,male,184.3,98.8,29.09,light,build_muscle,1,3090
60,female,172.6,53.8,18.06,moderate,lose,4,1487
67,female,157.0,71.2,28.89,light,maintain,3,1793
28,male,181.1,99.2,30.25,moderate,build_muscle,5,3485
49,female,161.2,55.1,21.2,sedentary,build_muscle,1,1699
67,female,175.6,54.4,17.64,sedentary,maintain,0,1325
41,female,168.0,79.5,28.17,sedentary,maintain,0,1805
41,male,176.2,89.3,28.76,sedentary,lose,1,1717
43,female,173.4,67.6,22.48,light,maintain,3,2039
56,female,150.5,54.4,24.02,light,build_muscle,3,1760
20,male,168.5,89.1,31.38,moderate,gain,3,3334
25,female,160.3,77.7,30.24,sedentary,lose,1,1394
59,male,174.9,74.4,24.32,active,build_muscle,5,3111
51,female,160.4,79.2,30.78,light,gain,1,2285
30,male,180.3,62.3,19.16,moderate,lose,4,2224
29,female,165.6,49.1,17.9,active,lose,6,1814
25,female,158.1,75.0,30.01,moderate,maintain,4,2457
64,male,185.4,85.7,24.93,moderate,lose,3,2307
31,male,170.2,65.0,22.44,active,build_muscle,5,3149
65,male,166.2,76.3,27.62,sedentary,gain,0,2109
26,female,156.4,58.5,23.92,active,lose,4,1896
34,female,168.2,71.6,25.31,light,gain,3,2448
58,female,161.4,56.8,21.8,active,maintain,4,2059
40,female,161.9,52.9,20.18,light,lose,3,1235
23,female,158.2,62.4,24.93,sedentary,lose,0,1200
26,female,161.9,53.5,20.41,moderate,gain,3,2408
62,female,168.2,69.3,24.5,active,lose,5,1896
29,male,186.0,85.5,24.71,light,lose,1,2151
57,female,154.2,66.9,28.14,light,lose,1,1216
48,female,169.8,59.0,20.46,very_active,build_muscle,7,2844
44,male,170.3,80.6,27.79,moderate,maintain,3,2592
54,male,174.6,76.1,24.96,light,build_muscle,1,2449
68,female,164.2,43.3,16.06,light,lose,1,1200
37,male,171.5,73.1,24.85,active,maintain,6,3030
27,male,169.8,53.0,18.38,light,maintain,2,2115
62,female,168.2,65.9,23.29,light,maintain,1,1777
42,male,185.4,91.9,26.74,sedentary,gain,1,2656
56,female,152.7,59.7,25.6,light,gain,3,1990
32,male,179.8,70.6,21.84,sedentary,lose,0,1515
59,male,167.5,77.9,27.77,sedentary,lose,0,1434
42,female,158.8,53.5,21.22,light,lose,2,1296
29,female,166.8,71.6,25.73,active,maintain,4,2691
61,female,161.9,47.0,17.93,light,build_muscle,1,1663
61,female,171.3,50.8,17.31,very_active,maintain,5,2300
45,female,162.5,78.6,29.77,moderate,build_muscle,4,2523
52,female,162.8,68.3,25.77,sedentary,maintain,1,1567
27,male,195.4,77.4,20.27,moderate,lose,5,2638
45,female,152.6,71.5,30.7,sedentary,maintain,1,1583
56,male,173.6,66.9,22.2,light,lose,1,1597
44,female,161.8,72.7,27.77,moderate,maintain,4,2247
52,male,175.6,66.2,21.47,sedentary,lose,0,1330
40,female,157.5,79.5,32.05,sedentary,build_muscle,1,1978
22,male,175.0,79.2,25.86,moderate,gain,3,3143
39,male,191.1,95.4,26.12,light,lose,3,2322
64,female,154.7,44.3,18.51,active,maintain,4,1755
57,female,154.2,42.0,17.66,sedentary,gain,1,1504
31,female,163.5,51.2,19.15,moderate,gain,4,2367
29,female,163.0,59.2,22.28,light,lose,2,1389
35,male,174.8,93.5,30.6,very_active,lose,5,3263
22,male,188.4,59.9,16.88,moderate,maintain,4,2694
52,female,150.6,79.3,34.96,sedentary,lose,1,1200
31,female,159.4,56.4,22.2,light,maintain,3,1812
58,male,152.9,79.2,33.88,sedentary,gain,1,2121
61,female,174.0,56.7,18.73,moderate,maintain,5,2021
44,female,164.5,62.9,23.24,very_active,maintain,6,2669
42,male,175.5,56.2,18.25,sedentary,lose,0,1252
29,female,170.9,48.9,16.74,very_active,build_muscle,7,2823
56,female,169.3,59.6,20.79,moderate,gain,5,2464
50,female,156.2,60.6,24.84,active,maintain,5,2177
29,male,193.7,75.1,20.02,active,gain,6,3704
61,male,182.6,69.0,20.69,moderate,build_muscle,4,2767
26,male,177.8,64.1,20.28,sedentary,maintain,1,1961
38,male,172.3,71.0,23.92,moderate,gain,4,3020
53,female,164.4,55.8,20.65,active,maintain,6,2209
29,male,163.6,79.6,29.74,sedentary,lose,0,1583
47,female,160.1,63.5,24.77,very_active,gain,6,2963
56,male,184.5,53.6,15.75,active,lose,6,2203
61,male,175.8,64.4,20.84,very_active,build_muscle,5,3103
34,female,169.5,53.9,18.76,moderate,maintain,5,2131
36,male,167.6,85.2,30.33,moderate,lose,4,2302
45,female,163.8,58.0,21.62,active,gain,6,2661
41,male,172.1,65.9,22.25,active,gain,4,3154
24,female,157.8,77.8,31.24,light,gain,1,2426
39,female,156.6,67.0,27.32,moderate,maintain,3,2056
51,male,174.6,84.9,27.85,light,lose,2,1925
48,female,173.4,59.2,19.69,sedentary,build_muscle,0,1729
56,male,173.9,88.4,29.23,moderate,lose,3,2266
34,male,173.7,65.8,21.81,active,maintain,5,2930
40,male,169.4,62.4,21.74,light,maintain,2,2142
51,male,169.1,61.1,21.37,light,gain,1,2339
32,female,161.2,70.3,27.05,light,gain,1,2276
54,female,157.7,83.4,33.54,active,build_muscle,6,2816
65,male,179.5,94.4,29.3,light,lose,2,1993
21,male,175.7,61.1,19.79,sedentary,gain,0,2295
32,male,172.7,62.7,21.02,sedentary,maintain,1,1916
26,male,178.8,71.4,22.33,sedentary,maintain,1,2081
24,female,151.1,58.6,25.67,light,maintain,1,1715
30,female,164.0,74.9,27.85,moderate,lose,3,1950
25,female,161.6,51.3,19.64,moderate,maintain,5,2063
34,male,170.2,76.5,26.41,light,lose,3,1895
50,female,160.9,78.5,30.32,light,maintain,2,1960
58,female,171.9,42.0,14.21,active,maintain,5,2010
49,female,164.3,66.5,24.63,light,lose,2,1359
30,male,186.2,80.0,23.07,sedentary,maintain,1,2159
24,female,156.6,42.0,17.13,sedentary,gain,1,1759
28,male,187.4,70.1,19.96,very_active,build_muscle,7,3783
67,female,162.3,55.2,20.96,light,build_muscle,2,1771
65,female,167.3,59.2,21.15,moderate,gain,3,2268
21,female,169.4,61.0,21.26,active,build_muscle,5,2899
60,male,177.5,73.7,23.39,light,lose,2,1725
53,female,158.7,60.3,23.94,sedentary,maintain,1,1458
64,female,166.2,45.6,16.51,light,build_muscle,1,1686
62,female,173.6,58.7,19.48,sedentary,build_muscle,1,1737
35,female,163.9,51.5,19.17,light,maintain,3,1751
38,male,188.9,73.0,20.46,active,build_muscle,6,3430
46,male,181.1,76.5,23.33,moderate,lose,5,2362
62,female,174.9,65.6,21.44,sedentary,gain,1,1951
65,female,161.2,68.3,26.28,light,maintain,2,1711
61,male,182.1,74.2,22.38,moderate,build_muscle,3,2831
49,female,167.9,69.2,24.55,sedentary,build_muscle,1,1824
54,male,174.1,77.3,25.5,light,gain,3,2604
65,male,176.5,81.1,26.03,moderate,lose,3,2133
54,male,185.7,67.7,19.63,very_active,gain,7,3557
65,female,165.4,68.7,25.11,sedentary,maintain,1,1542
19,female,158.2,68.3,27.29,moderate,lose,3,1855
32,female,170.3,46.8,16.14,light,gain,1,2020
63,female,165.7,58.3,21.23,moderate,lose,3,1461
67,male,181.9,84.4,25.51,sedentary,build_muscle,0,2254
30,male,173.3,88.9,29.6,light,build_muscle,1,2798
25,female,161.4,68.4,26.26,light,gain,3,2360
42,male,184.2,80.3,23.67,sedentary,gain,0,2467
28,male,178.7,76.3,23.89,light,maintain,3,2486
44,female,170.4,92.7,31.93,moderate,lose,4,2103
18,male,174.9,66.1,21.61,very_active,lose,6,2956
22,female,150.6,71.6,31.57,light,build_muscle,1,2154
19,female,152.7,71.4,30.62,moderate,lose,3,1836
29,male,172.2,73.3,24.72,sedentary,gain,0,2412
41,female,167.7,47.9,17.03,light,lose,3,1208
65,male,180.3,58.0,17.84,light,build_muscle,1,2215
58,female,163.9,48.2,17.94,moderate,lose,3,1339
19,female,164.4,61.1,22.61,active,build_muscle,4,2717
28,male,172.7,85.7,28.73,sedentary,maintain,0,2181
48,male,167.9,79.0,28.02,active,maintain,6,2978
48,female,162.8,69.8,26.34,light,maintain,3,1897
48,male,160.9,77.1,29.78,moderate,lose,5,2172
60,male,189.9,81.0,22.46,light,build_muscle,1,2633
32,male,175.9,97.0,31.35,light,gain,2,3031
66,female,155.6,70.9,29.28,light,lose,3,1274
65,male,182.6,68.9,20.66,sedentary,lose,0,1412
28,male,177.0,74.4,23.75,light,build_muscle,1,2647
46,female,170.7,62.4,21.41,light,maintain,3,1881
39,female,174.8,70.1,22.94,light,build_muscle,3,2331
60,female,174.3,75.3,24.79,moderate,lose,4,1824
24,male,176.8,78.1,24.99,sedentary,maintain,1,2199
40,male,173.0,89.0,29.74,very_active,lose,7,3197
27,male,189.5,80.9,22.53,sedentary,gain,1,2600
54,male,182.2,63.8,19.22,active,lose,4,2256
41,male,150.3,86.7,38.38,moderate,build_muscle,3,2889
52,male,186.3,69.7,20.08,active,lose,5,2474
48,female,177.4,57.2,18.18,active,lose,5,1936
31,female,171.5,56.0,19.04,very_active,lose,6,2286
66,male,183.1,111.1,33.14,very_active,lose,5,3376
43,female,158.6,58.5,23.26,light,lose,2,1293
31,male,182.3,57.8,17.39,moderate,lose,3,2103
51,female,170.9,72.3,24.75,light,gain,2,2330
27,female,155.1,90.6,37.66,active,lose,5,2491
42,male,179.2,67.5,21.02,moderate,maintain,3,2608
66,female,155.5,59.6,24.65,sedentary,gain,1,1718
60,male,163.6,76.7,28.66,light,lose,1,1659
34,female,158.7,56.8,22.55,moderate,lose,4,1571
18,male,187.7,90.0,25.55,sedentary,maintain,1,2412
53,female,160.2,51.9,20.22,moderate,build_muscle,5,2093
20,female,155.5,54.2,22.41,moderate,build_muscle,5,2443
41,male,187.7,58.1,16.49,moderate,build_muscle,5,2807
40,male,170.8,64.8,22.21,light,build_muscle,1,2435
60,female,158.3,69.4,27.69,sedentary,maintain,1,1489
36,male,188.6,64.8,18.22,moderate,build_muscle,4,2917
33,female,171.2,59.8,20.4,light,gain,3,2361
67,female,164.3,55.7,20.63,moderate,maintain,4,1823
49,male,162.6,83.3,31.51,moderate,gain,3,2925
37,female,172.0,73.5,24.84,moderate,lose,4,1922
34,male,165.7,85.3,31.07,light,maintain,2,2408
28,male,174.3,81.7,26.89,moderate,build_muscle,5,3152
43,male,170.8,72.2,24.75,sedentary,gain,1,2271
27,female,161.2,49.7,19.13,light,build_muscle,1,1979
57,female,153.5,58.9,25.0,very_active,maintain,5,2263
53,male,190.1,109.7,30.36,sedentary,lose,0,1981
27,male,181.7,85.7,25.96,sedentary,maintain,1,2272
53,female,154.4,58.5,24.54,light,build_muscle,3,1863
65,female,168.4,61.6,21.72,light,build_muscle,2,2008
41,female,176.3,47.8,15.38,light,lose,3,1370
68,male,187.9,69.4,19.66,very_active,gain,7,3504
52,female,158.1,81.4,32.57,moderate,gain,5,2637
47,male,155.1,73.0,30.35,light,maintain,3,2192
22,female,167.1,61.0,21.85,moderate,maintain,3,2281
22,male,170.5,74.0,25.46,moderate,maintain,5,2799
63,male,169.1,68.0,23.78,moderate,lose,4,1910
39,female,170.5,65.2,22.43,light,maintain,3,2039
18,female,165.3,62.3,22.8,moderate,maintain,3,2250
64,male,169.6,88.4,30.73,moderate,build_muscle,3,2972
59,male,187.7,66.9,18.99,light,lose,2,1678
44,female,155.3,53.8,22.31,active,lose,5,1697
29,female,159.2,42.0,16.57,light,lose,2,1200
39,male,183.1,70.5,21.03,light,build_muscle,1,2571
61,male,172.6,81.6,27.39,very_active,maintain,5,3191
22,female,168.3,69.8,24.64,moderate,lose,3,1941
24,female,173.7,45.5,15.08,moderate,maintain,4,2073
50,male,160.2,90.3,35.19,sedentary,lose,0,1593
36,female,171.3,73.4,25.01,moderate,lose,3,1876
47,female,163.1,75.5,28.38,light,maintain,1,1911
39,male,176.1,83.2,26.83,very_active,maintain,6,3533
60,female,163.6,57.5,21.48,sedentary,maintain,1,1334
66,female,158.5,60.9,24.24,light,maintain,1,1546
45,female,172.5,53.9,18.11,light,lose,2,1341
37,female,150.7,63.3,27.87,light,gain,1,2065
37,male,175.6,92.8,30.1,moderate,lose,4,2514
52,male,196.6,81.9,21.19,light,lose,3,2182
65,female,167.2,42.0,15.02,light,gain,1,1728
24,male,171.1,78.2,26.71,sedentary,lose,0,1588
20,male,176.3,83.8,26.96,moderate,build_muscle,3,3203
60,male,181.9,53.4,16.14,very_active,build_muscle,5,2993
27,male,187.0,82.2,23.51,moderate,build_muscle,4,3295
31,female,172.5,57.1,19.19,active,maintain,4,2408
30,female,166.6,68.2,24.57,moderate,maintain,4,2292
62,male,176.5,69.2,22.21,moderate,lose,3,2021
22,female,173.0,67.0,22.39,active,lose,6,2342
36,female,157.4,61.0,24.62,moderate,lose,3,1539
23,male,186.2,61.6,17.77,sedentary,build_muscle,1,2275
24,female,164.5,65.0,24.02,light,lose,3,1585
46,female,158.1,62.1,24.84,moderate,gain,5,2375
67,male,177.7,87.0,27.55,moderate,build_muscle,4,2965
40,male,171.3,48.8,16.63,sedentary,lose,1,1239
32,male,178.1,83.8,26.42,moderate,maintain,4,2948
53,female,165.2,70.3,25.76,light,lose,1,1423
51,female,153.5,59.7,25.34,sedentary,build_muscle,1,1727
18,male,180.1,63.7,19.64,active,gain,4,3414
66,male,168.9,63.9,22.4,sedentary,maintain,1,1725
61,female,159.1,54.0,21.33,moderate,gain,5,2155
40,female,172.9,61.1,20.44,light,build_muscle,2,2117
36,male,174.3,70.8,23.3,very_active,build_muscle,5,3491
65,female,175.6,65.6,21.27,sedentary,maintain,0,1539
31,female,162.7,73.7,27.84,light,gain,2,2384
47,female,158.9,70.4,27.88,light,gain,1,2175
64,male,188.6,66.3,18.64,active,maintain,5,2768
59,female,160.6,73.3,28.42,light,maintain,2,1810
21,female,175.6,66.1,21.44,active,gain,6,3165
29,female,164.4,62.2,23.01,sedentary,maintain,0,1604
59,male,189.1,57.5,16.08,sedentary,maintain,1,1831
65,male,188.6,98.0,27.55,light,build_muscle,3,2835
61,male,173.9,79.9,26.42,sedentary,build_muscle,0,2160
23,female,157.2,84.8,34.32,sedentary,lose,0,1411
55,female,165.4,72.9,26.65,light,lose,2,1423
53,male,184.9,98.6,28.84,sedentary,lose,1,1867
62,female,170.4,79.7,27.45,active,build_muscle,6,2854
46,male,177.9,78.1,24.68,active,maintain,5,3055
46,female,164.2,57.0,21.14,active,build_muscle,6,2528
39,female,177.6,61.2,19.4,sedentary,lose,1,1200
68,male,160.0,84.3,32.93,moderate,lose,3,1987
56,female,171.1,61.7,21.08,moderate,maintain,3,2018
51,female,167.0,65.0,23.31,light,lose,3,1408
62,male,173.0,89.3,29.84,light,lose,3,2001
39,male,175.6,69.5,22.54,very_active,maintain,7,3284
37,male,163.3,95.2,35.7,light,lose,3,2116
50,female,169.7,74.7,25.94,light,lose,2,1492
53,female,165.0,71.4,26.23,sedentary,maintain,0,1610
19,male,159.4,84.8,33.37,sedentary,lose,1,1631
27,male,170.7,71.8,24.64,sedentary,lose,0,1533
27,male,168.7,46.7,16.41,very_active,maintain,6,2808
57,male,185.0,90.1,26.33,sedentary,gain,0,2505
18,male,187.7,58.0,16.46,sedentary,gain,1,2409
58,female,155.2,60.7,25.2,sedentary,build_muscle,0,1545
46,male,178.5,76.6,24.04,sedentary,lose,0,1542
62,male,185.6,91.5,26.56,sedentary,build_muscle,0,2400
56,female,171.5,49.6,16.86,sedentary,lose,1,1200
51,male,192.8,77.2,20.77,moderate,lose,3,2343
64,female,164.0,80.2,29.82,light,gain,3,2328
18,female,173.4,60.6,20.15,light,gain,2,2383
54,male,165.7,74.1,26.99,light,gain,2,2565
49,female,160.5,75.1,29.15,light,gain,1,2230
44,female,161.9,51.1,19.5,active,build_muscle,5,2403
47,female,159.3,64.8,25.54,moderate,maintain,3,2082
58,female,154.2,69.2,29.1,light,build_muscle,1,1968
55,male,181.3,73.0,22.21,sedentary,maintain,1,1943
28,female,164.3,54.0,20.0,light,lose,2,1443
45,female,150.4,71.5,31.61,light,gain,2,2178
63,female,162.4,54.0,20.47,sedentary,build_muscle,0,1549
49,female,169.0,63.8,22.34,sedentary,maintain,1,1545
39,female,156.9,59.8,24.29,active,lose,5,1771
19,male,168.1,80.4,28.45,sedentary,lose,0,1731
68,female,154.9,61.1,25.46,moderate,gain,3,2157
68,female,150.5,42.0,18.54,sedentary,maintain,0,1200
19,female,158.1,54.2,21.68,light,lose,2,1438
51,male,165.1,77.0,28.25,active,build_muscle,5,3134
68,male,179.2,78.6,24.48,light,gain,2,2525
32,male,171.2,67.4,23.0,active,maintain,4,2899
38,female,145.9,52.2,24.52,active,maintain,6,2051
36,male,174.6,54.9,18.01,sedentary,gain,1,2144
37,male,183.8,75.5,22.35,sedentary,gain,1,2473
41,male,158.9,82.2,32.56,sedentary,maintain,0,1889
35,male,168.5,67.7,23.84,moderate,lose,5,2150
38,male,180.0,74.2,22.9,active,maintain,5,3118
53,female,173.3,74.6,24.84,light,lose,3,1590
59,male,173.9,92.4,30.55,moderate,build_muscle,3,3013
22,female,152.1,68.4,29.57,sedentary,lose,0,1200
66,male,171.2,85.4,29.14,sedentary,lose,0,1425
59,female,163.4,67.2,25.17,light,lose,1,1234
28,female,174.5,79.0,25.94,light,lose,3,1824
48,male,174.4,84.8,27.88,sedentary,lose,0,1600
38,female,155.4,73.1,30.27,light,maintain,2,1876
53,female,163.5,69.7,26.07,sedentary,lose,1,1200
40,male,172.9,59.6,19.94,light,build_muscle,1,2306
58,male,178.8,75.6,23.65,moderate,maintain,3,2539
66,male,170.4,68.7,23.66,light,lose,1,1525
56,female,156.8,79.1,32.17,moderate,lose,3,1706
42,male,180.4,55.8,17.15,active,lose,6,2311
55,male,169.3,81.1,28.29,sedentary,maintain,1,1924
50,male,177.2,76.3,24.3,active,build_muscle,4,3138
47,female,163.0,77.9,29.32,sedentary,maintain,1,1712
22,male,163.6,58.0,21.67,active,maintain,4,2799
46,female,157.7,52.5,21.11,sedentary,lose,0,1200
45,male,175.6,63.5,20.59,light,gain,2,2509
27,female,148.1,61.0,27.81,active,build_muscle,4,2609
58,male,175.6,56.3,18.26,sedentary,build_muscle,1,1943
47,male,179.5,87.7,27.22,moderate,lose,5,2433
22,female,162.5,56.7,21.47,sedentary,gain,0,1960
44,female,164.7,63.8,23.52,active,gain,5,2749
64,female,150.5,65.6,28.96,sedentary,lose,0,1200
59,male,184.7,92.1,27.0,active,maintain,6,3302
68,female,164.6,84.2,31.08,sedentary,lose,1,1200
41,male,178.5,69.2,21.72,moderate,lose,5,2189
44,female,166.3,72.9,26.36,light,lose,2,1559
61,female,171.4,53.0,18.04,light,maintain,1,1587
40,female,158.3,53.5,21.35,light,gain,1,1941
56,male,190.9,66.0,18.11,moderate,build_muscle,5,2913
68,male,179.4,95.2,29.58,sedentary,maintain,0,2130
54,male,175.4,106.3,34.55,moderate,lose,3,2593
49,female,171.4,75.0,25.53,moderate,maintain,4,2270
54,male,173.9,68.1,22.52,moderate,lose,5,2083
27,female,170.5,42.8,14.72,sedentary,lose,0,1200
33,female,163.5,63.3,23.68,sedentary,maintain,0,1565
19,male,180.0,77.3,23.86,sedentary,gain,0,2555
45,male,179.6,94.0,29.14,sedentary,maintain,1,2229
41,female,164.9,74.2,27.29,moderate,maintain,5,2311
49,male,169.3,74.6,26.03,moderate,build_muscle,4,2822
45,male,171.8,59.2,20.06,light,build_muscle,2,2342
66,female,162.8,73.4,27.69,light,lose,3,1366
47,male,170.7,84.1,28.86,moderate,maintain,4,2718
31,female,174.3,59.3,19.52,moderate,maintain,5,2283
50,male,167.1,81.3,29.12,light,gain,2,2651
34,male,166.6,58.7,21.15,light,build_muscle,2,2304
20,male,174.2,87.3,28.77,sedentary,lose,0,1803
42,male,184.8,79.8,23.37,active,gain,4,3443
29,female,165.3,84.7,31.0,moderate,maintain,5,2564
24,male,180.2,79.5,24.48,very_active,maintain,5,3623
49,female,155.7,75.7,31.23,sedentary,maintain,1,1613
20,female,160.5,60.5,23.49,light,lose,2,1516
48,female,150.2,77.3,34.26,active,build_muscle,4,2666
60,male,176.5,82.3,26.42,light,maintain,2,2361
68,male,170.1,61.7,21.32,sedentary,lose,0,1200
18,female,166.0,53.9,19.56,sedentary,maintain,1,1656
37,male,179.2,71.2,22.17,active,build_muscle,4,3255
31,female,170.4,71.9,24.76,moderate,maintain,3,2401
60,male,182.7,87.1,26.09,active,lose,6,2737
33,male,175.8,66.6,21.55,moderate,build_muscle,4,2851
21,female,163.0,59.7,22.47,light,lose,1,1403
46,female,148.7,45.7,20.67,moderate,lose,5,1224
59,female,169.9,51.7,17.91,sedentary,maintain,1,1388
44,male,167.6,81.0,28.84,active,lose,6,2599
41,male,174.9,86.4,28.24,moderate,build_muscle,4,3099
37,female,171.2,70.6,24.09,light,gain,3,2390
48,male,169.6,93.0,32.33,very_active,maintain,7,3561
35,female,159.1,73.4,29.0,sedentary,build_muscle,1,1923
54,male,183.7,108.5,32.15,sedentary,lose,1,1938
67,male,186.6,58.7,16.86,active,gain,4,2905
63,female,157.1,60.4,24.47,moderate,maintain,3,1867
58,female,170.5,63.3,21.77,moderate,lose,5,1706
41,female,163.2,75.7,28.42,light,maintain,3,2031
34,male,181.2,85.0,25.89,moderate,lose,3,2496
34,male,183.9,69.7,20.61,very_active,maintain,6,3368
21,female,162.5,78.4,29.69,light,lose,2,1723
38,female,166.2,67.7,24.51,light,build_muscle,1,2174
53,male,176.8,69.4,22.2,sedentary,gain,1,2228
20,male,184.0,65.4,19.32,sedentary,lose,1,1630
57,male,181.8,58.7,17.76,active,lose,4,2144
19,male,169.4,72.2,25.16,sedentary,build_muscle,1,2328
23,male,186.6,59.8,17.17,very_active,build_muscle,5,3547
33,male,179.2,68.4,21.3,light,lose,1,1870
33,male,172.8,69.4,23.24,active,build_muscle,5,3176
32,male,178.7,79.2,24.8,moderate,maintain,5,2946
19,female,154.2,54.5,22.92,active,maintain,6,2364
38,female,171.3,64.7,22.05,light,maintain,1,1876
28,female,170.8,64.8,22.21,light,maintain,1,1957
32,female,152.6,78.5,33.71,very_active,gain,7,3291
63,female,173.8,66.4,21.98,light,lose,2,1339
64,female,156.1,66.9,27.45,light,lose,2,1200
28,female,180.8,73.6,22.52,moderate,maintain,3,2591
42,male,167.1,92.5,33.13,sedentary,build_muscle,0,2334
23,female,157.1,54.7,22.16,sedentary,lose,1,1200
29,female,163.8,72.4,26.98,light,lose,1,1534
36,male,168.8,46.4,16.28,active,lose,4,1984
22,male,176.9,65.8,21.03,moderate,maintain,4,2679
27,male,173.5,67.8,22.52,moderate,lose,3,2180
50,female,166.2,51.0,18.46,active,lose,4,1672
33,male,177.4,91.9,29.2,moderate,lose,3,2499
29,female,160.3,46.1,17.94,sedentary,maintain,0,1419
36,male,179.2,53.4,16.63,moderate,lose,5,2033
51,female,153.1,66.3,28.29,light,gain,3,2099
51,female,151.6,69.1,30.07,active,lose,4,1791
22,male,169.8,68.7,23.83,light,maintain,2,2308
38,male,180.5,54.4,16.7,sedentary,gain,0,2139
55,female,165.9,45.3,16.46,moderate,lose,3,1336
34,female,174.7,50.7,16.61,light,build_muscle,2,2067
44,male,181.8,73.6,22.27,sedentary,maintain,0,1985
42,female,165.2,79.9,29.28,sedentary,lose,1,1291
48,male,182.5,80.8,24.26,light,maintain,1,2411
21,female,162.8,70.6,26.64,light,lose,2,1628
57,female,153.5,66.8,28.35,light,lose,3,1217
45,female,155.6,63.3,26.14,moderate,gain,5,2406
27,male,183.1,70.8,21.12,moderate,maintain,5,2832
23,male,172.7,68.2,22.87,sedentary,lose,0,1513
30,male,171.4,80.2,27.3,moderate,build_muscle,4,3043
18,male,174.2,83.8,27.62,sedentary,gain,0,2559
47,male,180.1,72.0,22.2,moderate,lose,5,2157
48,female,166.8,71.2,25.59,moderate,build_muscle,5,2515
58,female,158.6,51.4,20.43,moderate,build_muscle,5,2031
32,male,175.2,81.5,26.55,light,build_muscle,2,2699
64,female,165.3,62.8,22.98,moderate,build_muscle,4,2235
68,male,178.8,82.3,25.74,light,lose,1,1878
44,female,162.7,51.5,19.46,light,lose,1,1200
67,male,162.4,65.3,24.76,light,build_muscle,1,2192
48,female,169.3,61.7,21.53,light,lose,2,1401
55,female,157.4,65.6,26.48,sedentary,lose,0,1200
28,female,155.3,54.5,22.6,active,lose,4,1787
49,female,162.1,83.4,31.74,moderate,gain,3,2639
18,male,174.0,76.6,25.3,light,build_muscle,3,2761
60,female,150.9,60.2,26.44,active,lose,4,1556
20,male,164.8,60.1,22.13,sedentary,lose,1,1446
55,female,155.7,57.6,23.76,sedentary,maintain,0,1400
47,male,171.1,69.8,23.84,moderate,gain,3,2813
20,female,163.1,55.2,20.75,sedentary,maintain,1,1627
50,female,159.5,78.0,30.66,active,maintain,4,2515
31,female,150.0,63.4,28.18,sedentary,lose,0,1200
24,male,180.2,75.9,23.37,moderate,lose,4,2416
45,female,154.5,42.0,17.6,moderate,gain,5,2118
63,female,165.0,75.1,27.58,sedentary,lose,0,1200
42,female,164.8,68.0,25.04,moderate,lose,5,1838
46,female,167.2,70.3,25.15,very_active,maintain,6,2845
18,male,172.5,81.3,27.32,light,lose,2,2088
20,male,180.4,69.6,21.39,moderate,build_muscle,3,3028
58,male,167.8,68.4,24.29,moderate,lose,3,1924
67,female,166.7,51.4,18.5,sedentary,lose,1,1200
45,male,172.8,78.6,26.32,sedentary,build_muscle,1,2204
20,female,162.7,65.0,24.55,moderate,build_muscle,3,2463
56,female,165.3,42.0,15.37,active,lose,5,1436
59,female,170.7,46.8,16.06,moderate,maintain,4,1808
32,male,185.8,89.6,25.95,light,maintain,1,2639
52,female,166.5,50.3,18.14,light,maintain,3,1662
67,female,153.4,60.1,25.54,very_active,lose,7,1809
67,female,166.8,68.4,24.58,very_active,maintain,6,2571
61,male,186.5,65.5,18.83,sedentary,maintain,0,1838
65,male,175.4,68.1,22.14,light,lose,1,1608
41,male,173.0,100.6,33.61,light,maintain,3,2747
22,male,192.2,73.2,19.82,active,lose,4,2899
29,female,167.8,72.1,25.61,sedentary,gain,1,2167
48,male,172.8,66.9,22.4,sedentary,gain,1,2230
64,female,174.4,87.2,28.67,active,gain,4,3054
28,male,178.9,82.1,25.65,active,maintain,5,3346
19,female,162.3,57.1,21.68,moderate,lose,5,1815
31,female,167.8,76.3,27.1,light,maintain,3,2262
60,male,186.3,96.7,27.86,moderate,maintain,4,2962
30,female,164.5,61.2,22.62,sedentary,maintain,0,1676
44,female,161.7,63.0,24.09,light,maintain,1,1763
56,male,162.5,73.2,27.72,moderate,maintain,5,2514
25,female,162.7,61.0,23.04,active,lose,5,2032
36,female,166.2,64.3,23.28,active,gain,4,2781
35,male,162.1,68.8,26.18,sedentary,maintain,0,1868
37,female,162.5,51.8,19.62,sedentary,lose,0,1200
41,male,160.3,102.7,39.97,moderate,lose,3,2552
54,male,179.4,98.7,30.67,sedentary,lose,0,1779
53,female,154.8,60.2,25.12,light,build_muscle,2,1879
23,female,160.0,55.7,21.76,sedentary,lose,0,1200
41,female,168.0,58.7,20.8,sedentary,build_muscle,0,1784
39,male,181.7,92.4,27.99,moderate,build_muscle,5,3338
28,male,167.7,74.2,26.38,moderate,lose,4,2191
61,male,169.7,74.5,25.87,moderate,gain,3,2763
31,female,163.2,54.7,20.54,active,lose,4,1825
55,female,155.2,70.6,29.31,light,maintain,1,1733
18,female,157.8,74.1,29.76,sedentary,lose,0,1317
59,male,157.7,59.6,23.97,sedentary,gain,0,1958
61,male,175.8,49.4,15.98,light,lose,1,1418
63,male,185.5,88.9,25.84,light,lose,2,2045
41,male,186.1,69.9,20.18,moderate,gain,4,3098
58,male,180.8,86.2,26.37,sedentary,gain,0,2313
21,female,164.1,62.8,23.32,sedentary,gain,0,2052
51,female,161.2,74.0,28.48,active,lose,5,2048
68,female,173.7,63.3,20.98,light,lose,1,1246
30,female,160.9,54.8,21.17,light,lose,1,1256
19,male,177.1,79.6,25.38,light,build_muscle,3,2798
25,male,175.1,88.4,28.83,light,lose,3,2180
19,female,162.4,88.5,33.56,sedentary,build_muscle,1,2292
66,male,193.9,68.1,18.11,active,maintain,6,2958
27,male,170.7,87.2,29.93,moderate,maintain,5,2971
18,female,158.5,63.8,25.4,moderate,gain,4,2625
58,male,190.5,55.6,15.32,moderate,maintain,3,2409
48,female,152.6,46.7,20.05,light,build_muscle,2,1697
49,female,163.9,66.9,24.9,sedentary,lose,0,1200
44,male,179.6,69.5,21.55,light,build_muscle,1,2573
63,female,175.7,74.8,24.23,sedentary,lose,1,1272
55,male,155.3,97.6,40.47,moderate,build_muscle,3,3020
23,male,186.1,83.8,24.2,light,maintain,1,2577
48,male,172.3,61.0,20.55,moderate,gain,3,2742
68,male,171.9,66.1,22.37,sedentary,maintain,1,1732
45,male,169.8,47.3,16.41,moderate,maintain,3,2158
60,male,176.6,74.7,23.95,sedentary,gain,0,2238
31,male,178.2,86.3,27.18,sedentary,maintain,0,2247
41,male,178.5,57.3,17.98,light,gain,1,2380
28,male,175.0,76.3,24.91,light,maintain,3,2493
66,male,169.0,78.8,27.59,light,maintain,3,2205
35,male,173.1,56.0,18.69,active,maintain,6,2812
46,female,153.7,83.7,35.43,light,maintain,2,2104
29,female,153.4,50.4,21.42,light,lose,1,1232
30,male,169.6,65.5,22.77,light,build_muscle,3,2533
68,male,170.1,49.7,17.18,sedentary,gain,0,1788
21,male,173.0,59.9,20.01,sedentary,lose,0,1441
33,male,172.8,74.7,25.02,light,lose,2,1903
20,male,179.8,53.2,16.46,sedentary,build_muscle,0,2153
51,male,181.2,87.3,26.59,light,maintain,1,2446
61,male,169.0,71.9,25.17,sedentary,gain,0,2187
64,male,182.9,78.2,23.38,moderate,build_muscle,5,2967
24,female,168.2,42.0,14.85,moderate,lose,5,1598
64,male,180.4,85.8,26.36,light,lose,3,1916
28,female,153.7,80.3,33.99,moderate,maintain,4,2440
49,female,151.2,60.4,26.42,sedentary,build_muscle,1,1595
42,female,162.9,50.2,18.92,light,lose,1,1200
60,male,175.6,85.7,27.79,light,lose,2,1897
43,male,169.7,71.2,24.72,light,gain,3,2616
38,male,174.3,79.0,26.0,light,lose,3,1978
58,male,177.7,63.0,19.95,sedentary,maintain,1,1789
68,female,175.0,62.9,20.54,moderate,build_muscle,5,2324
21,female,165.3,82.8,30.3,light,maintain,3,2268
34,male,171.6,68.9,23.4,active,lose,5,2398
42,male,176.2,74.3,23.93,moderate,lose,3,2174
61,male,187.3,84.0,23.94,moderate,lose,3,2257
44,female,161.6,62.3,23.86,active,gain,4,2657
64,female,161.7,49.7,19.01,sedentary,lose,1,1200
36,female,170.0,77.6,26.85,sedentary,build_muscle,1,2065
20,female,167.8,80.9,28.73,moderate,lose,5,2188
60,male,169.9,86.9,30.1,light,lose,2,1887
67,male,176.6,82.2,26.36,sedentary,gain,0,2278
47,male,170.4,60.5,20.84,moderate,lose,4,1887
36,male,177.3,104.9,33.37,sedentary,gain,1,2778
63,female,171.0,75.8,25.92,active,build_muscle,4,2759
63,male,168.1,66.7,23.6,moderate,gain,5,2798
55,male,182.5,92.4,27.74,light,lose,3,2151
32,female,169.9,65.7,22.76,sedentary,lose,0,1269
66,female,158.3,96.0,38.31,sedentary,build_muscle,1,2009
18,male,180.6,71.3,21.86,sedentary,build_muscle,0,2340
56,male,183.1,73.9,22.04,moderate,lose,5,2217
34,female,161.3,42.7,16.41,moderate,build_muscle,4,2164
43,male,167.7,60.5,21.51,sedentary,lose,1,1363
25,male,183.9,62.5,18.48,moderate,lose,4,2260
39,female,170.0,70.7,24.46,moderate,maintain,3,2256
31,male,168.6,66.4,23.36,sedentary,maintain,1,1909
20,female,165.4,55.7,20.36,light,maintain,2,1833
41,male,166.5,59.5,21.46,light,maintain,2,1962
51,male,185.0,73.8,21.56,sedentary,gain,0,2307
30,male,177.9,72.9,23.03,active,lose,5,2662
42,male,173.7,84.1,27.87,light,gain,1,2784
67,male,179.3,103.2,32.1,light,build_muscle,3,2825
49,male,173.3,65.5,21.81,moderate,maintain,3,2398
51,male,179.2,66.6,20.74,very_active,lose,6,2681
67,female,162.6,66.2,25.04,light,gain,3,2108
44,male,181.6,78.7,23.86,light,gain,1,2759
56,male,180.6,82.8,25.39,very_active,maintain,5,3333
36,female,148.4,51.5,23.39,moderate,maintain,4,1829
67,female,160.9,48.8,18.85,active,gain,6,2236
23,female,167.5,57.1,20.35,light,lose,2,1435
39,male,168.1,66.0,23.36,moderate,build_muscle,5,2770
29,male,179.0,72.0,22.47,active,build_muscle,4,3315
43,female,166.7,42.0,15.11,sedentary,maintain,0,1268
27,female,160.2,66.3,25.83,moderate,build_muscle,3,2462
37,male,172.2,42.0,14.16,sedentary,maintain,1,1572
59,female,163.7,89.9,33.55,sedentary,build_muscle,0,2060
40,male,156.7,102.3,41.66,sedentary,lose,1,1736
19,female,150.0,56.5,25.11,sedentary,maintain,1,1512
23,female,161.9,65.3,24.91,light,maintain,1,1911
18,male,162.5,67.0,25.37,sedentary,build_muscle,0,2177
54,female,150.4,50.0,22.1,sedentary,build_muscle,1,1564
52,female,168.5,74.8,26.35,moderate,build_muscle,4,2522
28,male,174.4,66.8,21.96,sedentary,build_muscle,1,2236
42,female,165.2,64.4,23.6,active,gain,6,2816
57,male,179.1,58.5,18.24,active,lose,4,2227
51,female,172.5,68.5,23.02,sedentary,maintain,0,1636
44,female,158.2,66.2,26.45,light,build_muscle,2,1997
58,female,170.0,77.0,26.64,sedentary,lose,0,1238
43,female,158.4,72.1,28.74,light,lose,2,1503
60,female,165.6,67.4,24.58,sedentary,gain,1,1872
21,female,150.1,77.1,34.22,active,lose,5,2209
43,male,187.0,68.4,19.56,light,build_muscle,1,2551
38,male,181.6,57.2,17.34,sedentary,build_muscle,1,2174
47,male,172.9,74.5,24.92,sedentary,build_muscle,0,2159
18,male,173.1,69.3,23.13,light,build_muscle,3,2695
26,female,154.4,65.8,27.6,very_active,lose,5,2259
37,female,165.7,62.7,22.84,very_active,build_muscle,6,2973
27,male,180.4,67.8,20.83,sedentary,build_muscle,1,2278
46,male,201.7,78.8,19.37,sedentary,maintain,0,2214
47,male,175.5,60.7,19.71,light,build_muscle,1,2332
49,male,176.4,89.6,28.79,active,lose,4,2695
51,female,169.6,58.2,20.23,moderate,lose,4,1602
32,female,152.6,64.1,27.53,sedentary,build_muscle,0,1708
50,male,181.3,93.6,28.48,light,lose,1,2059
49,male,172.2,79.8,26.91,moderate,maintain,5,2663
47,male,173.2,76.6,25.53,active,maintain,5,2904
41,male,174.3,77.2,25.41,sedentary,gain,0,2310
32,male,171.1,67.6,23.09,sedentary,build_muscle,1,2225
24,female,163.6,58.7,21.93,sedentary,lose,0,1200
54,male,182.7,88.9,26.63,very_active,gain,5,3840
33,female,159.9,49.4,19.32,light,maintain,1,1661
26,male,177.7,73.7,23.34,light,lose,3,2015
64,female,158.3,49.2,19.63,light,lose,1,1200
56,female,157.0,78.3,31.77,light,maintain,3,1952
66,female,166.3,77.5,28.02,light,lose,1,1377
52,male,169.5,83.5,29.06,sedentary,gain,0,2365
42,female,164.6,68.3,25.21,sedentary,maintain,1,1555
57,female,156.2,60.8,24.92,sedentary,maintain,1,1345
26,male,175.5,68.7,22.31,light,gain,3,2777
61,female,156.0,61.3,25.19,sedentary,maintain,0,1310
60,male,185.1,85.7,25.01,very_active,lose,7,3041
61,female,161.1,63.8,24.58,moderate,lose,5,1578
35,female,173.4,62.8,20.89,light,maintain,1,2008
40,male,181.1,60.1,18.32,sedentary,lose,0,1372
68,female,152.5,45.9,19.74,active,lose,6,1376
39,male,170.9,81.7,27.97,moderate,build_muscle,3,2951
29,female,161.7,71.7,27.42,sedentary,maintain,1,1724
62,male,177.7,91.7,29.04,moderate,lose,3,2378
53,male,161.4,72.9,27.98,sedentary,maintain,1,1776
53,female,158.7,76.5,30.37,moderate,gain,4,2564
37,male,170.9,71.4,24.45,moderate,maintain,5,2646
25,male,185.3,66.9,19.48,sedentary,lose,1,1609
23,male,172.9,80.7,27.0,light,lose,2,2044
38,male,178.5,68.3,21.44,sedentary,lose,0,1503
33,male,167.7,80.3,28.55,light,lose,3,1944
27,female,159.7,48.1,18.86,sedentary,build_muscle,0,1702
42,female,164.4,43.0,15.91,sedentary,maintain,1,1282
56,male,175.5,69.1,22.43,light,lose,1,1669
43,female,171.4,66.1,22.5,light,build_muscle,2,2201
21,female,176.4,56.9,18.29,moderate,maintain,4,2291
26,male,174.4,64.2,21.11,light,gain,3,2666
52,female,155.3,49.8,20.65,light,lose,2,1200
29,female,149.9,53.6,23.85,moderate,lose,3,1463
39,female,179.1,67.1,20.92,sedentary,lose,0,1282
55,male,168.7,70.3,24.7,very_active,lose,5,2531
38,female,163.7,63.5,23.7,light,lose,1,1358
61,male,169.7,84.9,29.48,active,maintain,5,2969
55,female,154.9,51.0,21.26,sedentary,build_muscle,0,1434
64,female,170.0,78.0,26.99,sedentary,lose,1,1203
41,male,171.4,106.9,36.39,sedentary,lose,0,1862
65,male,162.0,92.5,35.25,sedentary,maintain,0,1991
57,female,168.7,68.9,24.21,sedentary,lose,0,1200
63,male,180.7,64.7,19.81,light,gain,2,2426
60,male,162.5,82.2,31.13,active,maintain,5,2830
48,female,181.8,67.2,20.33,moderate,lose,3,1852
50,male,182.4,52.7,15.84,moderate,lose,5,1876
21,female,159.2,56.4,22.25,light,lose,2,1391
22,male,170.6,78.4,26.94,light,gain,1,2830
19,male,170.8,72.3,24.78,moderate,maintain,5,2830
65,male,171.8,80.2,27.17,sedentary,maintain,1,1876
33,female,155.2,57.2,23.75,active,lose,5,1816
68,male,161.0,63.1,24.34,sedentary,maintain,1,1596
65,female,166.6,62.5,22.52,sedentary,lose,0,1200
54,male,168.1,98.6,34.89,moderate,build_muscle,4,3093
46,male,167.7,55.9,19.88,moderate,lose,5,1826
46,male,178.4,77.9,24.48,sedentary,build_muscle,1,2293
31,male,158.4,48.4,19.29,light,maintain,3,1930
26,male,184.7,95.2,27.91,moderate,lose,4,2712
53,male,184.5,77.4,22.74,sedentary,gain,1,2395
51,female,149.0,62.5,28.15,light,gain,3,2019
60,female,152.1,56.0,24.21,moderate,lose,3,1280
30,male,198.0,79.9,20.38,sedentary,lose,0,1847
25,female,150.4,53.2,23.52,active,build_muscle,6,2514
19,male,178.1,57.7,18.19,sedentary,build_muscle,1,2197
48,male,173.0,71.6,23.92,light,lose,1,1802
54,male,168.2,83.4,29.48,sedentary,maintain,0,1931
21,female,160.8,51.1,19.76,sedentary,lose,1,1200
47,female,163.1,57.0,21.43,sedentary,gain,0,1808
26,male,181.2,79.3,24.15,moderate,lose,3,2440
60,female,162.6,49.5,18.72,light,lose,3,1200
54,female,158.1,66.8,26.72,sedentary,lose,0,1200
59,female,172.1,49.0,16.54,moderate,lose,4,1417
68,male,179.1,63.8,19.89,light,build_muscle,1,2228
26,female,166.4,70.3,25.39,sedentary,build_muscle,0,1982
64,female,156.6,48.8,19.9,active,gain,4,2233
63,male,170.6,60.8,20.89,sedentary,gain,1,2049
47,male,163.6,83.7,31.27,light,lose,2,1880
42,female,157.4,86.4,34.87,sedentary,lose,0,1368
27,male,167.0,105.9,37.97,light,lose,1,2293
32,female,157.7,59.9,24.09,sedentary,maintain,1,1534
45,female,145.3,64.5,30.55,sedentary,lose,1,1200
39,male,167.6,105.1,37.42,sedentary,build_muscle,0,2550
20,female,173.8,63.0,20.86,moderate,build_muscle,4,2664
54,female,171.6,54.9,18.64,light,build_muscle,2,1933
41,female,158.3,58.4,23.31,active,lose,4,1839
34,male,175.4,76.2,24.77,sedentary,lose,0,1594
31,male,166.8,104.2,37.45,moderate,maintain,3,3116
43,female,160.3,89.0,34.64,light,maintain,1,2079
46,female,160.7,74.5,28.85,active,lose,5,2098
47,male,184.2,83.8,24.7,light,lose,1,1979
21,male,177.4,80.1,25.45,very_active,build_muscle,6,3872
30,female,164.4,56.5,20.9,moderate,lose,5,1682
46,female,165.6,52.6,19.18,light,lose,1,1210
39,male,179.8,94.4,29.2,active,lose,5,2999
34,female,173.6,75.2,24.95,light,lose,2,1628
51,male,176.3,83.1,26.74,active,lose,4,2628
24,female,162.1,59.3,22.57,moderate,gain,3,2538
46,male,165.9,65.8,23.91,sedentary,lose,0,1314
52,male,169.8,77.9,27.02,active,maintain,6,2900
54,female,168.3,63.2,22.31,very_active,lose,5,2152
55,male,178.9,68.8,21.5,active,build_muscle,5,3138
58,female,163.4,67.0,25.09,light,maintain,1,1754
24,female,156.7,53.9,21.95,sedentary,lose,1,1200
49,male,169.8,77.3,26.81,sedentary,lose,1,1476
55,female,164.9,58.1,21.37,moderate,build_muscle,3,2170
28,female,173.1,48.7,16.25,very_active,lose,5,2093
24,male,178.0,79.7,25.15,sedentary,gain,0,2510
24,female,171.8,43.8,14.84,light,build_muscle,1,1982
27,female,173.6,66.7,22.13,light,lose,3,1648
60,female,150.2,62.0,27.48,active,build_muscle,5,2342
28,male,171.8,76.7,25.99,active,lose,6,2664
54,male,197.3,72.3,18.57,light,build_muscle,3,2710
52,female,174.3,74.9,24.65,light,lose,1,1545
42,male,169.8,71.7,24.87,light,gain,3,2636
61,female,165.1,66.6,24.43,sedentary,gain,0,1803
64,female,163.1,48.5,18.23,very_active,build_muscle,6,2399
55,male,173.8,63.4,20.99,light,gain,3,2493
25,female,161.7,65.6,25.09,active,maintain,4,2469
39,male,176.9,73.9,23.62,moderate,maintain,5,2707
29,female,162.4,66.2,25.1,moderate,maintain,5,2290
52,female,172.4,63.1,21.23,moderate,lose,4,1713
27,female,164.0,63.7,23.68,moderate,lose,3,1816
58,male,191.7,62.5,17.01,sedentary,maintain,0,1870
52,female,154.2,73.0,30.7,sedentary,lose,1,1200
27,female,167.1,81.4,29.15,light,maintain,2,2215
57,male,177.7,71.1,22.52,sedentary,build_muscle,0,2050
40,male,169.0,55.7,19.5,moderate,lose,3,1766
24,female,163.9,75.4,28.07,light,lose,1,1654
38,female,162.8,58.4,22.03,light,build_muscle,1,1999
41,male,181.4,70.2,21.33,light,lose,1,1807
30,male,170.3,72.6,25.03,moderate,maintain,3,2629
66,female,162.1,42.0,15.98,active,lose,6,1404
52,male,180.4,48.6,14.93,sedentary,maintain,0,1611
35,male,181.6,81.0,24.56,light,build_muscle,1,2752
58,female,154.7,56.8,23.73,light,gain,3,1965
62,male,183.9,74.0,21.88,moderate,maintain,5,2609
38,male,180.7,70.6,21.62,light,gain,1,2677
57,male,183.2,89.2,26.58,sedentary,build_muscle,1,2420
62,female,162.8,68.2,25.73,light,maintain,3,1799
32,male,180.9,62.0,18.95,moderate,build_muscle,3,2805
24,male,178.9,66.0,20.62,light,lose,2,1904
21,male,187.5,78.9,22.44,moderate,build_muscle,4,3229
21,male,174.0,72.6,23.98,light,build_muscle,3,2744
45,female,160.8,63.1,24.4,moderate,lose,3,1627
45,female,148.3,71.5,32.51,light,maintain,1,1731
68,female,174.4,57.5,18.9,very_active,lose,7,2009
33,male,174.2,83.8,27.62,moderate,build_muscle,3,3067
67,male,165.2,85.9,31.48,sedentary,lose,1,1433
18,male,171.5,69.4,23.6,sedentary,lose,0,1518
36,male,181.7,96.0,29.08,light,build_muscle,2,2947
26,female,155.6,64.3,26.56,light,lose,1,1358
63,female,166.1,62.5,22.65,active,build_muscle,5,2431
21,female,161.2,86.8,33.4,light,lose,3,1871
48,female,157.7,42.0,16.89,sedentary,build_muscle,0,1392
46,female,156.2,84.3,34.55,active,lose,4,2122
68,female,162.7,69.6,26.29,active,lose,6,1867
51,male,179.1,75.8,23.63,active,lose,5,2589
62,female,157.1,57.3,23.22,moderate,lose,5,1367
41,male,187.9,107.4,30.42,sedentary,lose,0,1999
34,female,155.4,77.0,31.89,very_active,lose,7,2500
36,female,161.2,57.2,22.01,sedentary,lose,0,1200
26,male,180.4,73.4,22.55,moderate,maintain,5,2824
61,female,155.5,79.6,32.92,very_active,maintain,6,2663
33,male,170.1,59.9,20.7,moderate,lose,3,2052
61,female,165.7,65.1,23.71,light,gain,3,2145
22,male,169.8,68.0,23.58,sedentary,lose,1,1543
56,female,158.5,93.5,37.22,light,maintain,1,2073
57,female,167.9,56.9,20.18,sedentary,lose,0,1200
50,male,163.6,99.9,37.32,light,maintain,3,2578
45,male,173.2,82.6,27.53,light,build_muscle,2,2639
52,male,184.4,90.4,26.59,light,maintain,2,2510
18,male,168.7,61.3,21.54,active,gain,5,3257
52,male,186.7,61.2,17.56,moderate,build_muscle,5,2798
57,female,156.3,58.2,23.82,moderate,maintain,3,1875
37,male,167.0,87.3,31.3,moderate,lose,4,2381
35,male,182.5,59.4,17.83,light,lose,1,1803
63,female,147.3,62.9,28.99,active,build_muscle,6,2340
55,male,166.8,80.9,29.08,sedentary,gain,0,2348
19,female,159.9,47.2,18.46,active,maintain,4,2277
63,male,160.0,62.1,24.26,sedentary,lose,0,1200
19,male,176.5,90.6,29.08,light,lose,1,2240
50,male,181.9,61.3,18.53,active,build_muscle,6,3022
53,male,176.9,85.4,27.29,light,gain,2,2772
64,male,176.9,92.4,29.53,active,maintain,6,3212
68,male,172.3,62.5,21.05,moderate,build_muscle,5,2548
30,male,172.7,88.2,29.57,very_active,lose,7,3248
64,male,173.9,76.3,25.23,active,maintain,4,2781
41,male,178.7,66.4,20.79,light,gain,2,2581
62,male,177.2,89.3,28.44,active,lose,5,2660
22,male,187.5,77.5,22.04,active,lose,4,2853
36,male,163.9,90.2,33.58,light,lose,3,2064
67,female,161.5,60.8,23.31,moderate,lose,5,1466
36,male,167.5,64.1,22.85,moderate,maintain,4,2474
42,male,165.0,61.8,22.7,light,maintain,3,2021
48,male,170.2,56.6,19.54,moderate,gain,3,2607
19,female,156.5,73.7,30.09,sedentary,maintain,0,1683
62,male,168.8,70.4,24.71,active,lose,6,2258
47,female,168.8,50.4,17.69,moderate,build_muscle,3,2136
53,male,180.6,89.5,27.44,very_active,maintain,5,3479
68,male,169.0,78.9,27.63,light,build_muscle,2,2368
60,male,176.6,75.8,24.3,light,lose,1,1699
52,male,168.9,54.2,19.0,moderate,lose,5,1798
45,male,168.1,75.2,26.61,moderate,maintain,5,2649
46,male,187.8,82.7,23.45,very_active,build_muscle,7,3866
24,male,169.7,81.3,28.23,light,maintain,1,2424
45,female,163.7,57.4,21.42,active,lose,5,1814
64,male,176.0,93.5,30.18,sedentary,gain,1,2464
35,female,170.4,59.3,20.42,sedentary,lose,1,1213
64,female,162.6,69.7,26.36,sedentary,maintain,0,1460
62,male,175.3,90.2,29.35,sedentary,build_muscle,0,2218
18,female,173.4,59.2,19.69,light,maintain,3,2065
23,male,181.7,84.4,25.56,sedentary,lose,1,1841
38,male,173.5,78.1,25.94,active,gain,4,3402
21,female,164.6,57.6,21.26,sedentary,maintain,1,1598
48,male,169.3,75.2,26.24,very_active,lose,7,2842
53,female,160.4,46.5,18.07,sedentary,maintain,1,1247
44,male,181.3,66.2,20.14,light,maintain,1,2247
64,female,171.3,71.1,24.23,moderate,build_muscle,4,2415
31,male,182.6,93.0,27.89,sedentary,lose,0,1823
40,male,177.8,57.0,18.03,light,gain,1,2400
46,female,164.2,62.3,23.11,active,lose,4,1920
51,female,175.9,71.1,22.98,very_active,maintain,7,2874
63,male,178.3,103.4,32.53,active,maintain,6,3380
29,female,160.9,70.2,27.12,active,gain,6,3007
52,male,174.7,87.2,28.57,light,maintain,2,2429
43,male,168.9,89.9,31.51,light,lose,2,2043
56,male,184.7,105.9,31.04,active,lose,4,3051
58,female,159.5,46.1,18.12,moderate,maintain,3,1677
47,male,178.0,81.6,25.75,sedentary,build_muscle,0,2206
39,male,180.3,56.9,17.5,light,lose,3,1719
43,male,171.4,73.4,24.98,sedentary,build_muscle,1,2166
61,male,176.1,76.4,24.64,sedentary,lose,1,1512
21,female,155.9,84.8,34.89,moderate,gain,3,2872
38,male,180.3,81.8,25.16,moderate,lose,4,2468
46,female,160.9,52.8,20.39,sedentary,lose,1,1200
66,male,171.1,79.0,26.99,sedentary,maintain,0,1891
59,female,158.4,70.8,28.22,moderate,lose,3,1585
36,female,172.4,58.9,19.82,very_active,gain,5,3065
18,male,192.3,74.8,20.23,sedentary,lose,0,1806
22,female,168.3,67.1,23.69,moderate,lose,3,1937
52,male,175.6,62.1,20.14,sedentary,lose,1,1387
20,male,174.0,79.8,26.36,sedentary,build_muscle,0,2377
53,female,157.5,75.9,30.6,moderate,maintain,3,2163
48,male,163.7,75.9,28.32,sedentary,build_muscle,0,2083
37,female,155.3,42.0,17.41,light,lose,1,1200
49,female,151.6,67.8,29.5,active,lose,4,1804
22,male,187.1,42.0,12.0,light,lose,2,1665
36,male,183.8,86.0,25.46,sedentary,lose,0,1726
32,male,167.1,78.7,28.19,active,lose,6,2623
54,male,192.5,82.8,22.34,light,gain,2,2850
50,female,173.0,63.0,21.05,active,lose,5,1974
46,female,163.7,68.8,25.67,active,lose,6,1989
39,female,179.4,64.0,19.89,moderate,build_muscle,4,2452
54,female,164.9,59.4,21.84,moderate,maintain,4,1977
33,male,183.4,55.5,16.5,sedentary,lose,0,1430
41,female,160.3,68.6,26.7,light,build_muscle,1,2096
25,female,159.6,71.5,28.07,sedentary,gain,0,2079
30,male,157.7,89.6,36.03,sedentary,gain,0,2503
51,male,183.2,62.5,18.62,sedentary,lose,0,1356
24,female,164.2,50.1,18.58,sedentary,lose,0,1200
62,female,148.7,69.6,31.48,moderate,lose,5,1511
63,male,199.8,88.6,22.19,light,lose,3,2169
22,male,163.7,63.9,23.85,active,maintain,6,2886
29,female,164.9,54.7,20.12,very_active,lose,5,2078
28,male,154.1,73.4,30.91,sedentary,lose,0,1385
52,female,174.1,81.1,26.76,very_active,lose,5,2547
49,female,164.1,79.0,29.34,moderate,build_muscle,5,2606
22,male,158.5,91.3,36.34,light,maintain,1,2492
26,male,164.6,84.6,31.23,sedentary,build_muscle,0,2355
26,male,181.9,86.2,26.05,light,build_muscle,3,2950
20,male,171.8,93.6,31.71,light,maintain,1,2633
34,female,162.6,63.5,24.02,very_active,lose,7,2310
47,female,158.1,52.3,20.92,moderate,maintain,3,1842
67,male,177.6,77.2,24.48,sedentary,maintain,1,1871
48,male,162.6,68.2,25.8,sedentary,build_muscle,0,2073
68,male,181.9,77.8,23.51,very_active,maintain,6,3243
27,male,179.2,54.7,17.03,sedentary,lose,1,1404
50,male,183.7,80.6,23.88,active,build_muscle,5,3415
66,female,150.2,65.3,28.94,sedentary,lose,0,1200
54,male,168.0,75.0,26.57,light,lose,2,1742
59,female,151.0,90.8,39.82,light,lose,2,1560
63,male,177.3,89.3,28.41,sedentary,maintain,1,2076
42,male,180.5,93.8,28.79,sedentary,lose,0,1838
31,female,165.3,47.1,17.24,active,gain,6,2581
24,male,173.6,65.1,21.6,moderate,build_muscle,5,2876
56,female,172.2,58.3,19.66,moderate,build_muscle,3,2207
60,male,166.1,60.1,21.78,light,lose,2,1437
26,male,172.2,43.3,14.6,light,maintain,1,1978
52,female,156.3,63.7,26.07,active,build_muscle,4,2474
22,male,189.4,87.7,24.45,active,maintain,5,3645
41,female,166.4,75.5,27.27,light,gain,3,2374
49,female,159.3,73.6,29.0,moderate,build_muscle,4,2430
30,female,146.5,57.8,26.93,light,maintain,2,1716
42,female,171.5,56.8,19.31,light,build_muscle,1,1961
23,male,183.3,80.7,24.02,sedentary,gain,0,2587
57,female,168.2,58.3,20.61,sedentary,lose,1,1200
54,female,159.5,56.1,22.05,light,lose,1,1200
47,male,180.4,68.4,21.02,sedentary,gain,0,2244
21,female,169.9,90.3,31.28,moderate,maintain,3,2737
44,male,178.8,65.9,20.61,light,lose,3,1816
32,female,155.8,56.3,23.19,sedentary,build_muscle,0,1676
52,male,168.1,59.3,20.99,light,maintain,2,1996
23,male,173.9,64.9,21.46,sedentary,build_muscle,1,2269
28,female,166.3,82.6,29.87,moderate,gain,3,2810
34,female,169.2,61.2,21.38,active,maintain,4,2501
30,female,160.4,57.9,22.5,moderate,build_muscle,3,2311
65,female,156.3,66.3,27.14,light,maintain,3,1669
43,female,160.0,52.8,20.62,sedentary,lose,1,1200
66,male,169.9,67.6,23.42,sedentary,maintain,0,1672
41,male,171.6,90.0,30.56,very_active,lose,5,3040
22,male,177.2,71.9,22.9,moderate,build_muscle,3,3052
19,female,159.0,58.2,23.02,moderate,gain,3,2504
49,male,166.2,104.4,37.8,sedentary,lose,1,1793
63,female,169.9,78.7,27.26,sedentary,gain,0,1953
68,female,158.5,63.1,25.12,light,maintain,3,1664
33,male,178.7,82.0,25.68,moderate,build_muscle,3,3102
18,male,171.1,70.1,23.95,moderate,build_muscle,3,3034
32,female,168.1,71.4,25.27,sedentary,lose,0,1267
53,male,176.7,79.9,25.59,sedentary,maintain,0,1970
30,male,173.3,80.0,26.64,light,lose,1,1934
53,male,188.3,67.9,19.15,sedentary,lose,1,1456
63,female,163.7,49.4,18.43,light,maintain,1,1440
27,male,188.0,84.6,23.94,sedentary,gain,0,2709
28,male,184.3,68.5,20.17,moderate,gain,4,3127
63,male,180.6,92.0,28.21,moderate,lose,5,2322
43,female,167.2,65.5,23.43,active,build_muscle,5,2721
33,female,172.9,70.8,23.68,moderate,build_muscle,3,2579
59,male,178.0,78.9,24.9,light,gain,2,2656
60,female,166.1,54.4,19.72,active,gain,6,2557
27,female,173.2,64.4,21.47,sedentary,lose,1,1279
60,female,155.9,51.5,21.19,moderate,gain,4,2111
38,male,174.3,53.2,17.51,sedentary,lose,0,1299
41,male,158.1,106.6,42.65,light,lose,3,2254
39,female,161.8,63.9,24.41,active,lose,6,1921
46,female,177.2,53.1,16.91,sedentary,maintain,0,1487
19,male,175.8,89.9,29.09,sedentary,lose,1,1921
27,male,183.3,65.1,19.38,moderate,gain,4,3151
47,female,153.1,59.8,25.51,light,maintain,3,1685
49,female,163.4,69.2,25.92,moderate,build_muscle,3,2365
46,male,169.1,60.1,21.02,sedentary,build_muscle,1,1983
58,male,169.3,104.4,36.42,moderate,build_muscle,5,3209
30,female,165.3,66.2,24.23,moderate,lose,3,1842
29,female,164.6,63.6,23.47,sedentary,maintain,1,1685
67,male,167.5,95.2,33.93,light,lose,3,1874
18,female,167.3,62.9,22.47,light,maintain,2,2026
37,female,151.6,57.8,25.15,light,lose,2,1200
44,male,166.0,81.2,29.47,light,gain,1,2601
39,female,170.0,65.3,22.6,light,gain,2,2304
35,female,171.9,49.0,16.58,very_active,maintain,5,2490
26,female,156.8,58.5,23.79,light,lose,2,1325
41,male,168.9,71.5,25.06,sedentary,maintain,0,1902
37,female,163.3,67.4,25.27,light,lose,3,1477
57,female,156.8,43.5,17.69,light,maintain,2,1452
66,female,161.9,86.6,33.04,active,gain,5,2902
57,female,151.1,73.3,32.11,moderate,lose,5,1665
63,male,181.8,72.6,21.97,moderate,lose,5,2184
19,female,153.2,46.7,19.9,moderate,maintain,3,1908
21,male,168.1,67.5,23.89,sedentary,gain,0,2353
24,female,162.2,63.0,23.95,sedentary,build_muscle,1,1937
21,male,174.6,70.0,22.96,light,lose,2,1924
30,female,176.0,59.0,19.05,light,lose,3,1605
67,male,180.2,82.9,25.53,sedentary,lose,1,1555
27,male,169.6,74.5,25.9,sedentary,lose,1,1570
26,male,177.0,67.4,21.51,active,lose,5,2609
30,female,156.5,58.2,23.76,moderate,maintain,3,2069
23,female,171.5,56.0,19.04,active,lose,5,2042
43,female,161.5,59.5,22.81,sedentary,maintain,1,1519
31,male,174.5,83.9,27.55,active,lose,6,2829
30,male,173.9,72.0,23.81,light,lose,1,1897
37,male,177.0,90.1,28.76,moderate,maintain,5,2984
20,male,165.6,49.5,18.05,active,lose,6,2211
54,male,181.0,66.2,20.21,moderate,lose,5,2137
46,female,168.5,66.1,23.28,light,build_muscle,2,2131
38,male,181.4,79.4,24.13,moderate,build_muscle,3,3090
45,female,174.0,57.6,19.02,moderate,gain,3,2449
30,male,193.1,106.9,28.67,moderate,lose,3,2989
31,male,176.7,76.5,24.5,sedentary,lose,1,1653
46,female,172.8,70.0,23.44,moderate,maintain,4,2250
45,female,172.6,70.9,23.8,moderate,gain,4,2694
65,male,182.1,79.7,24.03,light,lose,1,1854
49,female,156.9,64.3,26.12,light,build_muscle,1,1967
26,male,167.4,72.4,25.84,active,gain,6,3421
23,male,158.9,68.6,27.17,sedentary,gain,1,2274
41,male,189.7,84.6,23.51,moderate,build_muscle,4,3206
48,male,167.5,63.5,22.63,light,lose,1,1533
34,male,183.2,79.8,23.78,light,maintain,2,2545
39,male,185.9,45.9,13.28,sedentary,lose,0,1264
42,female,156.2,71.4,29.26,moderate,build_muscle,5,2464
33,female,146.1,54.6,25.58,moderate,lose,3,1384
26,male,195.2,94.3,24.75,sedentary,maintain,0,2448
65,female,169.4,50.7,17.67,active,build_muscle,5,2253
49,male,175.4,79.4,25.81,moderate,lose,3,2185
62,female,170.5,53.9,18.54,moderate,build_muscle,3,2149
24,female,164.8,68.4,25.18,light,lose,2,1590
28,male,186.2,101.4,29.25,sedentary,lose,0,2011
61,female,157.5,81.1,32.69,moderate,maintain,3,2214
62,male,168.9,67.7,23.73,very_active,lose,6,2467
37,male,166.3,75.8,27.41,light,maintain,2,2333
18,male,176.7,87.4,27.99,light,maintain,2,2636
57,male,176.7,64.8,20.75,moderate,maintain,4,2368
45,female,152.4,58.0,24.97,active,maintain,5,2135
32,female,162.1,75.0,28.54,light,lose,1,1586
19,male,182.4,52.4,15.75,light,lose,3,1855
19,male,170.1,62.0,21.43,active,lose,5,2496
31,female,167.1,77.2,27.65,light,gain,3,2530
32,female,155.8,67.8,27.93,moderate,lose,4,1776
60,female,171.6,63.6,21.6,light,lose,3,1348
57,female,152.9,61.6,26.35,moderate,lose,3,1396
20,male,170.4,73.7,25.38,active,gain,4,3477
59,male,189.5,88.7,24.7,sedentary,build_muscle,0,2367
63,male,180.8,70.8,21.66,light,maintain,2,2186
37,female,165.6,59.8,21.81,moderate,maintain,4,2123
37,female,162.2,63.0,23.95,moderate,lose,4,1635
54,male,192.0,63.4,17.2,light,maintain,2,2228
67,female,169.1,62.1,21.72,light,build_muscle,2,1911
67,female,162.7,48.2,18.21,moderate,lose,5,1300
27,female,171.7,66.1,22.42,sedentary,gain,0,2096
28,female,156.4,54.2,22.16,moderate,lose,5,1572
23,male,176.9,58.3,18.63,sedentary,gain,1,2288
59,male,182.6,93.1,27.92,sedentary,maintain,0,2146
19,female,170.3,61.6,21.24,moderate,lose,4,1840
65,male,179.8,86.0,26.6,light,lose,1,1922
29,female,163.2,60.1,22.56,active,maintain,4,2481
53,female,157.1,42.0,17.02,active,maintain,6,1904
21,male,162.6,60.7,22.96,light,build_muscle,2,2428
32,male,180.5,90.9,27.9,active,build_muscle,6,3680
31,male,171.0,81.2,27.77,moderate,maintain,5,2825
58,male,193.2,69.5,18.62,moderate,gain,3,2949
53,female,165.0,56.6,20.79,sedentary,lose,0,1200
30,male,186.3,63.9,18.41,sedentary,gain,0,2327
51,male,180.2,55.8,17.18,moderate,build_muscle,3,2586
48,female,159.9,63.2,24.72,sedentary,gain,1,1871
59,male,171.7,79.8,27.07,sedentary,lose,1,1458
25,female,155.0,66.2,27.55,sedentary,build_muscle,1,1861
52,male,171.3,71.8,24.47,light,gain,1,2463
62,male,170.1,83.9,29.0,very_active,lose,6,2799
54,female,153.4,65.9,28.0,light,lose,3,1270
39,male,171.0,91.7,31.36,moderate,maintain,3,2893
55,male,163.0,77.8,29.28,light,maintain,3,2199
45,female,142.9,42.8,20.96,sedentary,maintain,1,1200
37,female,163.9,57.9,21.55,moderate,gain,5,2436
43,female,160.2,89.9,35.03,sedentary,maintain,1,1894
47,female,168.1,47.6,16.85,sedentary,gain,0,1701
36,female,164.4,49.6,18.35,light,lose,3,1306
18,female,171.7,59.9,20.32,active,build_muscle,4,2860
26,female,164.9,62.2,22.87,light,maintain,1,1951
52,female,164.0,68.2,25.36,sedentary,lose,0,1200
39,male,164.2,78.1,28.97,light,lose,3,1876
53,male,169.8,54.4,18.87,sedentary,lose,1,1282
18,female,167.6,65.2,23.21,moderate,gain,5,2732
59,female,168.4,70.0,24.68,very_active,lose,5,2262
67,female,151.0,54.8,24.03,very_active,gain,6,2411
64,female,166.8,76.6,27.53,light,lose,3,1454
19,male,186.1,90.1,26.02,light,build_muscle,1,3026
37,female,164.6,71.0,26.21,moderate,build_muscle,4,2540
35,female,154.2,42.0,17.66,moderate,build_muscle,4,2056
27,female,177.3,64.3,20.45,light,lose,3,1638
48,female,173.6,82.4,27.34,moderate,lose,3,1996
31,male,176.7,93.1,29.82,light,gain,2,2991
37,female,156.1,64.3,26.39,light,gain,2,2153
38,female,166.6,73.2,26.37,active,maintain,5,2688
49,male,186.2,46.0,13.27,light,gain,1,2331
18,male,183.4,75.3,22.39,moderate,build_muscle,3,3132
33,female,171.9,55.7,18.85,moderate,maintain,3,2104
57,male,178.9,69.5,21.72,moderate,maintain,3,2507
55,male,173.6,69.1,22.93,active,lose,5,2337
49,female,165.1,59.9,21.98,sedentary,lose,0,1200
41,male,174.7,81.4,26.67,light,lose,2,1970
40,male,183.6,77.5,22.99,active,gain,6,3511
25,female,169.7,44.6,15.49,sedentary,maintain,1,1509
20,male,182.3,68.5,20.61,light,lose,1,1998
44,male,188.2,87.4,24.68,moderate,lose,5,2523
45,male,174.6,90.4,29.65,light,build_muscle,3,2780
40,male,178.5,61.7,19.36,light,lose,3,1741
38,male,178.8,81.9,25.62,light,lose,3,2098
38,male,174.8,61.2,20.03,active,maintain,4,2691
45,female,162.0,60.2,22.94,light,lose,1,1253
46,female,162.2,42.0,15.96,moderate,lose,3,1296
26,female,162.6,50.7,19.18,active,maintain,5,2277
39,female,171.8,67.8,22.97,moderate,lose,3,1851
48,female,168.6,63.3,22.27,active,build_muscle,6,2684
28,female,165.4,65.6,23.98,moderate,gain,4,2660
42,female,160.6,58.6,22.72,moderate,lose,5,1695
55,female,160.1,67.9,26.49,active,lose,5,1844
66,female,172.7,42.0,14.08,moderate,build_muscle,3,1907
27,male,187.9,85.3,24.16,light,maintain,3,2768
26,male,166.7,71.1,25.59,moderate,build_muscle,4,2955
47,male,183.1,77.0,22.97,moderate,lose,4,2358
68,female,157.2,73.4,29.7,moderate,lose,4,1557
23,male,178.3,84.3,26.52,sedentary,maintain,1,2253
67,male,160.4,84.5,32.84,very_active,maintain,7,3141
35,male,182.8,72.0,21.55,sedentary,build_muscle,0,2300
41,male,168.5,69.3,24.41,light,maintain,1,2202
68,male,168.1,89.0,31.5,moderate,gain,5,3014
65,female,151.3,83.9,36.65,light,lose,2,1411
65,male,175.9,69.4,22.43,sedentary,maintain,0,1769
54,male,191.8,87.1,23.68,moderate,lose,3,2449
64,male,166.6,83.6,30.12,moderate,lose,5,2167
20,male,161.0,75.0,28.93,sedentary,lose,1,1591
43,male,182.6,81.1,24.32,moderate,gain,4,3207
46,male,188.9,93.5,26.2,light,maintain,3,2730
31,male,167.4,94.5,33.72,sedentary,lose,1,1703
23,female,157.7,44.6,17.93,light,lose,3,1309
42,female,165.2,55.6,20.37,light,lose,2,1298
36,female,159.6,63.7,25.01,moderate,gain,5,2618
48,male,167.2,77.2,27.61,active,maintain,5,2955
18,female,162.8,58.4,22.03,sedentary,lose,1,1228
22,female,167.3,47.8,17.08,sedentary,build_muscle,1,1818
39,male,174.2,52.6,17.33,active,maintain,5,2618
41,male,178.2,75.2,23.68,moderate,maintain,3,2663
27,female,163.3,55.5,20.81,sedentary,build_muscle,0,1788
58,female,162.7,71.7,27.09,sedentary,gain,0,1837
54,male,168.2,56.3,19.9,light,maintain,3,1993
54,male,180.4,89.7,27.56,moderate,lose,5,2393
66,female,162.3,68.2,25.89,moderate,build_muscle,4,2254
26,female,165.0,58.4,21.45,light,lose,3,1538
68,male,173.1,86.1,28.73,active,lose,6,2555
30,male,174.1,84.4,27.84,light,maintain,1,2469
46,female,162.8,57.0,21.51,light,gain,1,2003
36,female,163.5,51.0,19.08,active,lose,6,1820
40,male,176.1,84.5,27.25,active,build_muscle,4,3471
43,male,180.2,83.6,25.75,sedentary,lose,1,1749
23,male,182.4,60.0,18.03,light,maintain,1,2240
66,female,162.7,65.2,24.63,moderate,maintain,5,2015
28,male,170.6,70.1,24.09,sedentary,maintain,0,2080
57,male,165.0,77.9,28.61,sedentary,maintain,0,1854
19,female,167.4,47.7,17.02,light,gain,2,2133
31,female,165.8,72.7,26.45,very_active,build_muscle,5,3177
29,male,177.2,70.6,22.48,active,lose,4,2585
42,female,159.8,62.2,24.36,light,lose,1,1324
21,male,182.5,82.8,24.86,sedentary,maintain,0,2234
44,female,162.5,58.9,22.31,light,maintain,3,1783
48,female,162.5,60.9,23.06,sedentary,lose,1,1200
19,male,177.7,67.3,21.31,light,lose,1,1902
24,male,172.0,82.8,27.99,moderate,gain,4,3323
59,male,172.6,80.6,27.06,sedentary,build_muscle,1,2167
65,female,177.5,58.5,18.57,light,maintain,3,1776
48,male,180.4,63.6,19.54,light,maintain,1,2164
68,female,152.5,68.3,29.37,light,lose,2,1200
27,male,173.0,83.6,27.93,moderate,gain,3,3300
55,male,171.0,73.1,25.0,light,build_muscle,1,2445
57,female,173.4,65.3,21.72,light,maintain,2,1910
44,female,171.9,73.8,24.97,active,gain,4,2978
35,male,190.2,68.2,18.85,light,maintain,1,2360
54,male,178.9,70.3,21.97,active,maintain,4,2798
45,male,168.1,72.7,25.73,moderate,lose,5,2163
48,female,149.2,44.7,20.08,active,maintain,5,1842
31,male,146.8,87.1,40.42,active,maintain,5,2991
46,male,181.7,83.1,25.17,sedentary,maintain,0,2050
36,female,156.4,53.3,21.79,sedentary,lose,0,1200
43,male,183.4,59.6,17.72,sedentary,lose,1,1388
35,male,166.8,72.1,25.91,light,build_muscle,1,2459
38,female,162.9,61.9,23.33,moderate,lose,3,1671
30,male,175.6,60.9,19.75,active,lose,4,2364
66,male,181.5,76.9,23.34,sedentary,maintain,0,1906
65,female,161.4,52.1,20.0,sedentary,lose,0,1200
25,male,176.2,75.8,24.42,sedentary,maintain,0,2123
54,female,163.2,47.5,17.83,active,lose,5,1572
65,female,170.4,62.3,21.46,sedentary,gain,1,1817
52,female,180.1,61.1,18.84,active,build_muscle,6,2586
33,female,177.6,65.3,20.7,moderate,build_muscle,5,2654
61,female,164.4,74.5,27.56,active,gain,4,2758
51,male,175.0,84.4,27.56,moderate,maintain,4,2735
39,female,151.2,62.9,27.51,very_active,lose,5,2049
22,male,181.8,68.5,20.73,sedentary,maintain,0,2083
38,female,156.5,73.2,29.89,moderate,lose,5,1826
27,female,170.0,62.0,21.45,moderate,lose,5,1859
26,male,173.3,60.4,20.11,sedentary,maintain,0,1850
18,female,156.1,76.7,31.48,sedentary,maintain,0,1849
34,female,157.3,42.0,16.97,light,gain,2,1879
28,female,159.5,70.4,27.67,very_active,lose,6,2412
28,male,157.7,48.2,19.38,moderate,lose,5,1769
22,female,170.7,49.6,17.02,very_active,lose,5,2135
60,female,167.7,54.8,19.49,active,lose,6,1724
44,female,165.1,67.6,24.8,moderate,maintain,4,2199
19,male,189.9,90.3,25.04,active,lose,4,3043
22,female,154.2,59.6,25.07,moderate,lose,5,1737
18,female,155.6,63.2,26.1,moderate,lose,5,1873
42,female,156.9,58.5,23.76,light,lose,1,1200
44,female,176.6,61.3,19.66,light,build_muscle,1,2133
18,male,178.1,62.2,19.61,moderate,build_muscle,5,3024
49,female,166.1,56.0,20.3,light,build_muscle,1,1888
28,male,176.5,96.3,30.91,moderate,lose,4,2662
43,male,175.3,76.3,24.83,light,maintain,2,2411
27,female,156.6,68.5,27.93,sedentary,build_muscle,1,1904
52,female,150.1,70.7,31.38,light,maintain,2,1739
55,male,176.7,84.2,26.97,sedentary,maintain,0,2020
50,female,142.7,49.0,24.06,very_active,lose,6,1647
21,female,153.4,59.0,25.07,moderate,lose,3,1677
27,male,188.1,87.9,24.84,light,lose,3,2302
54,female,158.8,63.5,25.18,light,gain,2,2059
67,male,184.5,89.6,26.32,moderate,gain,5,3149
33,female,160.3,79.3,30.86,sedentary,lose,1,1348
64,male,184.9,82.2,24.04,moderate,maintain,3,2718
40,male,175.6,89.7,29.09,very_active,lose,5,3091
37,female,166.9,80.3,28.83,sedentary,gain,0,2162
21,female,160.3,56.2,21.87,light,lose,1,1423
27,female,172.1,73.5,24.82,active,lose,4,2306
24,male,178.7,62.4,19.54,moderate,maintain,3,2600
23,male,176.7,72.9,23.35,sedentary,lose,1,1663
65,female,158.2,79.6,31.81,moderate,maintain,3,2156
58,male,176.8,49.0,15.68,sedentary,build_muscle,1,1837
64,male,165.9,70.1,25.47,moderate,build_muscle,5,2630
51,female,159.8,72.2,28.27,sedentary,lose,0,1200
51,female,161.3,65.8,25.29,light,lose,3,1389
51,female,162.7,50.6,19.12,moderate,maintain,3,1812
24,female,155.3,50.5,20.94,light,gain,2,2082
26,male,185.4,63.9,18.59,active,maintain,5,3060
52,male,185.3,79.8,23.24,sedentary,maintain,1,2107
18,male,178.7,85.7,26.84,sedentary,gain,1,2660
18,male,167.3,80.8,28.87,active,lose,4,2764
43,male,180.6,74.3,22.78,active,lose,4,2565
53,female,156.3,55.7,22.8,light,maintain,2,1624
61,female,161.9,59.3,22.62,moderate,lose,5,1536
62,female,150.4,62.8,27.76,sedentary,lose,0,1200
37,female,166.1,53.2,19.28,sedentary,build_muscle,0,1722
68,female,165.0,74.8,27.47,moderate,gain,5,2563
54,male,182.5,88.3,26.51,light,lose,1,2080
56,female,164.0,64.6,24.02,sedentary,build_muscle,0,1713
24,male,173.9,79.7,26.35,light,lose,3,2054
43,female,160.9,61.1,23.6,moderate,build_muscle,4,2287
37,male,172.6,74.2,24.91,light,build_muscle,2,2607
49,male,171.6,52.4,17.79,moderate,build_muscle,3,2455
48,female,163.1,73.0,27.44,moderate,build_muscle,3,2484
49,female,172.1,60.6,20.46,sedentary,lose,1,1200
39,male,173.0,81.7,27.3,active,maintain,6,3172
64,male,167.8,70.4,25.0,moderate,maintain,5,2417
67,female,160.7,81.6,31.6,light,lose,1,1398
21,male,176.7,82.7,26.49,light,build_muscle,3,2839
52,female,174.7,62.4,20.45,light,gain,1,2190
51,male,180.0,84.3,26.02,light,build_muscle,2,2684
63,female,158.7,64.8,25.73,sedentary,maintain,1,1428
27,female,174.7,68.5,22.44,light,lose,1,1607
44,female,159.6,65.6,25.75,light,build_muscle,3,2115
63,male,184.8,79.2,23.19,moderate,build_muscle,4,2958
44,female,160.6,53.3,20.67,sedentary,build_muscle,1,1660
44,male,161.0,91.9,35.45,moderate,maintain,5,2793
55,female,161.1,56.8,21.89,moderate,gain,3,2218
61,male,183.4,51.7,15.37,moderate,maintain,5,2278
65,female,176.1,75.0,24.18,moderate,maintain,4,2260
44,female,157.0,45.9,18.62,light,build_muscle,2,1794
40,female,162.8,74.8,28.22,sedentary,gain,0,2039
27,female,175.2,70.0,22.8,active,gain,4,3043
64,female,163.7,66.7,24.89,sedentary,build_muscle,0,1684
47,male,176.4,85.1,27.35,light,maintain,2,2395
45,male,183.1,95.4,28.46,sedentary,build_muscle,1,2560
54,female,166.6,60.3,21.73,sedentary,lose,1,1200
31,male,163.5,64.1,23.98,sedentary,build_muscle,1,2201
24,male,175.3,103.3,33.62,sedentary,lose,1,2000
21,male,174.4,77.4,25.45,sedentary,maintain,0,2173
43,male,169.1,88.5,30.95,moderate,build_muscle,5,3092
20,male,174.6,84.4,27.69,sedentary,build_muscle,0,2458
25,male,182.5,85.1,25.55,moderate,gain,4,3362
53,male,181.7,76.3,23.11,moderate,gain,4,3029
57,female,167.1,60.3,21.6,moderate,lose,5,1523
65,male,172.7,71.9,24.11,moderate,build_muscle,4,2711
54,male,190.4,85.5,23.58,light,lose,3,2126
21,female,168.2,71.3,25.2,light,lose,2,1697
53,male,168.1,68.5,24.24,sedentary,maintain,1,1780
46,male,174.4,60.8,19.99,light,lose,1,1575
66,female,167.0,44.0,15.78,sedentary,maintain,0,1228
56,male,180.9,78.4,23.96,sedentary,lose,1,1572
35,male,172.0,75.0,25.35,sedentary,lose,0,1582
30,female,163.1,69.8,26.24,very_active,lose,5,2459
40,female,166.2,65.3,23.64,moderate,gain,4,2543
39,female,166.0,47.0,17.06,sedentary,build_muscle,1,1659
66,male,170.9,77.4,26.5,sedentary,build_muscle,1,2083
55,male,175.1,76.7,25.02,light,lose,3,1834
25,male,142.8,99.7,48.89,light,lose,1,2083
46,male,178.5,54.7,17.17,light,build_muscle,3,2317
25,male,173.5,97.2,32.29,light,lose,2,2354
55,female,160.1,67.7,26.41,active,lose,6,1906
54,male,169.8,80.1,27.78,moderate,gain,5,3037
29,male,173.5,79.2,26.31,sedentary,maintain,0,2081
35,female,159.4,56.8,22.35,active,maintain,5,2297
42,female,175.1,77.4,25.24,moderate,build_muscle,4,2757
19,male,186.0,93.4,27.0,moderate,build_muscle,4,3501
26,female,162.4,70.1,26.58,moderate,lose,5,1938
38,male,183.1,83.4,24.88,moderate,lose,5,2518
37,male,177.2,100.9,32.13,light,maintain,3,2749
56,female,163.9,73.5,27.36,moderate,build_muscle,3,2393
50,male,163.9,70.3,26.17,light,gain,2,2445
55,male,166.5,88.6,31.96,sedentary,gain,1,2446
20,female,154.0,69.5,29.31,active,lose,4,2142
40,female,155.0,81.4,33.88,active,lose,5,2218
45,female,160.7,85.5,33.11,light,maintain,2,2092
67,male,166.2,70.0,25.34,moderate,lose,3,1872
65,male,168.0,75.3,26.68,sedentary,maintain,0,1728
65,female,175.1,49.5,16.14,light,maintain,1,1596
40,male,179.8,76.3,23.6,sedentary,gain,1,2451
46,female,175.6,68.3,22.15,moderate,lose,3,1841
23,male,178.9,69.6,21.75,sedentary,build_muscle,0,2284
68,male,186.2,96.2,27.75,light,lose,3,2122
20,female,167.7,71.3,25.35,light,build_muscle,2,2388
45,female,161.0,64.4,24.84,active,maintain,4,2333
57,male,187.7,85.6,24.3,sedentary,lose,1,1688
26,male,166.1,89.2,32.33,sedentary,build_muscle,0,2472
18,female,160.5,52.2,20.26,sedentary,maintain,1,1554
35,female,163.2,42.8,16.07,moderate,build_muscle,3,2125
45,female,167.8,55.0,19.53,sedentary,maintain,1,1536
47,male,176.7,80.8,25.88,sedentary,build_muscle,0,2294
61,male,193.5,99.9,26.68,active,gain,4,3864
36,female,164.3,56.4,20.89,light,build_muscle,3,1985
42,male,166.0,98.7,35.82,light,build_muscle,1,2749
51,female,165.0,45.5,16.71,active,gain,5,2437
68,male,176.0,86.8,28.02,moderate,lose,4,2268
38,female,154.3,66.2,27.81,moderate,lose,3,1619
57,female,159.6,58.3,22.89,light,lose,1,1200
35,female,167.8,63.6,22.59,light,lose,2,1461
67,female,160.6,69.3,26.87,active,maintain,5,2137
40,male,164.2,91.7,34.01,light,lose,1,1946
53,female,157.8,59.3,23.81,light,lose,2,1203
18,male,169.7,68.3,23.72,active,maintain,5,3022
65,female,167.1,60.6,21.7,light,lose,2,1230
55,male,165.3,78.9,28.88,sedentary,gain,0,2173
49,female,168.7,50.2,17.64,moderate,lose,4,1397
35,female,162.5,63.8,24.16,moderate,lose,4,1743
44,female,162.7,74.4,28.11,light,gain,2,2318
41,male,167.9,61.5,21.82,sedentary,lose,0,1246
27,male,158.6,84.6,33.63,sedentary,build_muscle,0,2304
62,male,169.2,52.1,18.2,moderate,lose,3,1648
44,female,163.1,51.4,19.32,light,lose,3,1240
55,female,168.5,55.4,19.51,light,maintain,3,1714
19,male,179.7,62.6,19.39,moderate,build_muscle,5,3017
44,male,173.9,54.3,17.96,active,maintain,4,2618
67,male,166.5,74.8,26.98,light,lose,3,1664
42,male,164.0,67.3,25.02,light,lose,1,1642
43,female,176.3,66.2,21.3,moderate,maintain,3,2284
26,male,166.5,85.5,30.84,sedentary,maintain,1,2112
52,male,184.0,61.2,18.08,light,maintain,1,2112
43,male,178.6,77.4,24.26,very_active,build_muscle,5,3572
30,female,171.6,58.0,19.7,sedentary,build_muscle,0,1839
49,male,166.8,81.5,29.29,moderate,build_muscle,3,2876
47,male,187.0,87.4,24.99,active,maintain,5,3286
28,female,160.2,80.2,31.25,moderate,gain,5,2864
23,male,173.3,67.5,22.48,light,gain,3,2716
40,female,162.2,65.4,24.86,light,lose,2,1369
22,male,165.0,59.9,22.0,light,lose,2,1760
32,female,162.8,50.8,19.17,moderate,gain,3,2306
62,male,185.8,97.0,28.1,moderate,gain,4,3318
50,female,159.6,63.7,25.01,moderate,build_muscle,4,2284
61,male,188.5,93.7,26.37,light,build_muscle,1,2821
67,female,169.1,47.6,16.65,sedentary,build_muscle,0,1467
18,female,165.4,74.4,27.2,sedentary,maintain,0,1807
21,female,166.1,66.8,24.21,light,maintain,1,2055
28,female,156.0,70.8,29.09,moderate,maintain,3,2212
51,female,153.2,50.7,21.6,moderate,lose,3,1355
54,female,167.1,77.5,27.76,moderate,lose,4,1806
64,male,173.9,53.7,17.76,active,lose,5,1939
43,female,169.0,73.4,25.7,light,build_muscle,1,2202
44,male,169.8,85.5,29.65,light,lose,2,2030
58,female,157.2,50.2,20.31,light,maintain,2,1503
65,male,174.1,75.5,24.91,active,lose,4,2254
31,female,161.9,64.2,24.49,sedentary,build_muscle,0,1830
53,male,177.6,90.2,28.6,light,build_muscle,3,2740
33,male,167.1,64.0,22.92,light,lose,2,1718
20,female,169.1,58.3,20.39,moderate,lose,3,1812
68,female,151.8,82.4,35.76,moderate,build_muscle,4,2374
25,male,170.4,63.6,21.9,light,maintain,3,2323
35,female,169.6,58.8,20.44,sedentary,lose,0,1200
47,female,164.9,50.8,18.68,light,lose,1,1200
41,male,167.0,67.8,24.31,light,build_muscle,3,2463
34,male,173.6,82.2,27.28,sedentary,build_muscle,0,2380
42,male,173.3,78.5,26.14,light,build_muscle,3,2623
42,female,165.5,51.7,18.88,active,maintain,4,2146
31,male,171.6,90.9,30.87,light,build_muscle,3,2818
57,female,162.0,72.4,27.59,light,lose,1,1431
51,female,167.0,74.8,26.82,active,lose,6,2139
56,male,172.7,67.7,22.7,moderate,lose,3,1947
18,female,177.7,67.3,21.31,light,lose,3,1737
57,male,158.5,71.0,28.26,very_active,lose,7,2411
20,male,184.9,60.7,17.75,moderate,lose,3,2282
38,female,163.9,72.0,26.8,light,lose,3,1612
59,female,158.1,77.5,31.01,light,gain,3,2270
39,male,174.4,61.2,20.12,sedentary,maintain,0,1776
32,female,178.9,67.9,21.22,very_active,maintain,5,2960
26,female,159.2,75.3,29.71,very_active,gain,5,3270
43,female,148.9,58.2,26.25,sedentary,gain,0,1712
44,female,162.6,73.9,27.95,moderate,build_muscle,3,2510
18,female,158.4,81.2,32.36,light,lose,3,1801
60,male,180.9,82.6,25.24,light,maintain,1,2368
49,male,170.7,76.5,26.25,sedentary,maintain,1,1979
20,male,179.2,83.1,25.88,moderate,build_muscle,5,3327
55,male,178.9,90.2,28.18,sedentary,lose,1,1678
35,female,150.3,68.2,30.19,moderate,gain,4,2459
19,female,146.4,72.6,33.87,light,lose,1,1484
62,male,178.7,83.0,25.99,sedentary,gain,0,2289
58,female,178.3,68.2,21.45,moderate,gain,4,2621
52,male,182.6,71.6,21.47,light,lose,2,1815
56,male,180.0,60.7,18.73,light,lose,2,1610
38,male,175.1,87.3,28.47,light,build_muscle,2,2747
33,female,160.2,59.7,23.26,light,maintain,2,1848
18,male,176.1,73.6,23.73,light,maintain,1,2413
56,male,187.2,66.5,18.98,sedentary,lose,0,1402
67,female,154.5,76.9,32.22,moderate,lose,4,1680
61,female,172.3,58.1,19.57,moderate,lose,4,1532
38,female,162.8,72.3,27.28,sedentary,build_muscle,1,1998
63,female,151.6,50.0,21.76,moderate,lose,4,1204
56,male,178.0,86.9,27.43,active,maintain,6,3151
66,male,177.0,62.3,19.89,sedentary,gain,1,2080
20,male,175.9,96.4,31.16,moderate,maintain,5,3219
32,female,167.1,66.5,23.82,active,lose,5,2109
53,female,165.2,61.2,22.42,sedentary,lose,0,1200
25,male,169.2,68.6,23.96,light,maintain,3,2328
38,male,171.8,80.3,27.21,moderate,maintain,4,2837
63,female,161.6,75.4,28.87,moderate,gain,5,2499
58,male,165.1,80.2,29.42,moderate,lose,5,2117
57,male,164.4,66.8,24.72,moderate,maintain,4,2375
44,male,149.6,80.9,36.15,moderate,lose,3,2053
32,female,166.8,62.1,22.32,light,gain,2,2300
18,female,163.7,65.3,24.37,light,lose,1,1578
33,female,169.8,65.8,22.82,light,lose,1,1530
59,male,183.1,69.2,20.64,sedentary,maintain,0,1835
31,male,166.8,67.0,24.08,very_active,lose,7,2764
26,female,164.7,71.5,26.36,sedentary,lose,1,1333
54,female,153.8,66.0,27.9,sedentary,lose,0,1200
20,female,162.6,82.3,31.13,light,build_muscle,2,2558
60,female,157.4,81.1,32.73,very_active,maintain,5,2737
62,female,164.6,60.8,22.44,light,lose,1,1218
63,male,168.4,72.2,25.46,moderate,maintain,4,2461
43,female,154.1,69.4,29.22,sedentary,gain,1,1920
25,male,166.7,76.6,27.56,light,maintain,1,2362
44,male,190.6,82.0,22.57,light,maintain,2,2514
58,female,167.1,72.5,25.96,active,lose,4,1896
50,female,180.9,60.2,18.4,very_active,gain,5,3046
32,female,158.7,48.9,19.42,sedentary,maintain,0,1387
54,female,165.1,68.3,25.06,light,lose,1,1357
37,female,157.9,66.1,26.51,moderate,build_muscle,5,2442
62,female,158.1,85.8,34.33,moderate,lose,4,1792
54,male,179.0,73.8,23.03,moderate,maintain,5,2606
63,female,161.5,56.7,21.74,light,build_muscle,3,1882
30,male,185.3,62.0,18.06,light,maintain,3,2308
41,male,178.5,74.4,23.35,sedentary,lose,1,1566
64,female,167.7,67.6,24.04,active,build_muscle,4,2515
45,female,161.4,55.3,21.23,active,lose,6,1790
31,female,163.8,57.3,21.36,moderate,build_muscle,4,2374
38,male,181.1,76.5,23.33,light,build_muscle,2,2695
57,female,169.5,50.6,17.61,light,maintain,1,1535
64,male,167.3,64.5,23.04,sedentary,lose,0,1200
54,male,186.2,87.1,25.12,sedentary,maintain,0,2132
36,female,175.4,81.1,26.36,light,lose,3,1877
56,male,187.9,77.1,21.84,light,lose,1,1869
26,female,167.9,66.0,23.41,active,lose,6,2199
30,male,170.6,73.1,25.12,sedentary,gain,1,2392
61,male,153.5,88.6,37.6,light,maintain,1,2210
49,male,167.5,80.6,28.73,sedentary,lose,0,1520
64,female,161.0,42.0,16.2,light,lose,2,1200
33,male,174.5,78.4,25.75,moderate,lose,5,2388
23,female,159.4,62.6,24.64,light,gain,3,2296
26,male,181.1,69.8,21.28,moderate,build_muscle,4,3039
45,male,168.5,69.2,24.37,moderate,lose,4,2059
18,male,179.3,67.9,21.12,light,build_muscle,3,2762
68,female,161.9,62.1,23.69,sedentary,maintain,1,1429
56,female,153.7,64.3,27.22,sedentary,build_muscle,1,1680
56,female,149.6,65.1,29.09,active,maintain,4,2089
38,female,168.7,63.8,22.42,moderate,gain,3,2561
36,female,152.2,64.2,27.71,sedentary,maintain,1,1556
26,male,186.3,88.3,25.44,moderate,build_muscle,5,3409
39,male,173.0,63.5,21.22,light,lose,1,1654
29,male,172.6,63.2,21.21,moderate,build_muscle,3,2805
49,female,166.5,56.6,20.42,active,lose,5,1858
65,female,154.9,62.7,26.13,active,gain,6,2530
46,male,192.1,59.9,16.23,light,lose,3,1813
22,female,161.3,65.3,25.1,moderate,build_muscle,3,2501
43,female,157.9,56.7,22.74,moderate,maintain,4,2020
19,female,163.1,53.3,20.04,light,maintain,2,1796
61,male,170.1,42.6,14.72,active,build_muscle,5,2452
30,male,172.8,80.0,26.79,active,lose,4,2653
18,male,179.9,85.3,26.36,active,gain,6,3842
35,female,158.0,77.2,30.92,light,lose,2,1578
40,female,156.4,86.2,35.24,light,maintain,1,2121
21,male,169.4,85.3,29.73,light,build_muscle,3,2864
40,male,170.8,87.5,29.99,light,lose,1,2003
37,female,162.2,81.8,31.09,moderate,maintain,4,2506
30,male,176.4,47.8,15.36,very_active,lose,5,2438
48,female,170.6,49.8,17.11,light,build_muscle,2,1944
35,female,176.6,67.3,21.58,moderate,lose,3,1908
64,female,172.2,67.5,22.76,light,lose,3,1406
31,male,169.6,74.0,25.73,moderate,maintain,3,2708
56,female,149.6,65.0,29.04,active,maintain,5,2167
53,male,180.8,75.0,22.94,light,lose,1,1836
38,female,169.7,56.7,19.69,light,gain,3,2107
54,male,177.2,67.9,21.62,very_active,maintain,7,3181
39,male,166.3,66.7,24.12,light,lose,2,1761
35,female,163.1,76.4,28.72,active,build_muscle,4,2943
51,female,153.4,52.0,22.1,light,lose,1,1200
20,male,179.0,78.4,24.47,light,maintain,2,2600
47,female,158.7,71.0,28.19,active,gain,4,2706
61,female,162.4,56.6,21.46,sedentary,maintain,0,1335
68,female,154.0,45.6,19.23,moderate,build_muscle,4,1841
59,male,181.2,76.8,23.39,active,lose,6,2517
64,female,152.4,57.7,24.84,moderate,lose,4,1331
24,male,170.4,84.2,29.0,moderate,lose,3,2402
60,male,193.4,70.0,18.71,sedentary,lose,0,1446
67,female,164.6,69.5,25.65,light,lose,2,1335
57,female,150.3,56.7,25.1,active,build_muscle,4,2257
59,male,185.6,62.0,18.0,light,maintain,1,2090
32,male,161.2,80.3,30.9,sedentary,gain,1,2360
21,female,168.1,56.4,19.96,active,build_muscle,6,2747
63,female,162.4,78.4,29.73,light,maintain,2,1902
46,male,185.3,75.9,22.11,sedentary,maintain,1,2027
56,female,171.6,68.2,23.16,light,build_muscle,3,2146
50,male,172.5,74.7,25.1,light,maintain,1,2249
61,male,172.8,76.7,25.69,sedentary,lose,0,1441
58,male,193.0,88.5,23.76,light,build_muscle,1,2722
54,male,170.0,63.1,21.83,moderate,build_muscle,3,2550
59,male,175.7,76.7,24.85,light,gain,3,2617
25,male,186.2,81.0,23.36,sedentary,gain,0,2538
32,male,183.1,72.8,21.71,moderate,build_muscle,5,3141
56,female,175.9,48.7,15.74,sedentary,lose,1,1200
51,female,163.4,67.5,25.28,very_active,lose,6,2124
18,female,165.4,51.7,18.9,moderate,gain,5,2559
39,female,160.1,61.3,23.92,active,lose,6,1938
40,male,178.5,80.1,25.14,light,maintain,3,2477
34,female,168.5,73.1,25.75,light,lose,1,1592
22,female,160.1,74.8,29.18,sedentary,build_muscle,0,2024
21,female,146.6,67.3,31.31,light,lose,2,1481
65,male,187.1,80.3,22.94,active,maintain,5,2956
32,male,172.2,68.9,23.24,moderate,lose,4,2163
34,female,156.3,69.5,28.45,active,lose,4,2019
37,female,156.3,64.6,26.44,sedentary,lose,1,1200
31,female,163.4,50.0,18.73,sedentary,lose,1,1200
56,male,185.3,92.3,26.88,moderate,lose,5,2497
53,female,163.7,55.6,20.75,sedentary,maintain,0,1367
59,female,168.9,73.5,25.76,sedentary,lose,1,1242
22,female,153.7,58.2,24.64,light,lose,2,1371
31,female,161.5,57.0,21.85,active,gain,5,2764
64,male,185.5,90.9,26.42,moderate,maintain,5,2935
65,female,167.9,86.0,30.51,sedentary,lose,0,1225
